SK_Cliente;customerkey;customer;Customer_Type
db8082b414031bad260a5e4319d116b6831bfbca9d9f510066a6b32614a16055;10013312;Gate9th Shop;G2
657dbf19c1c35841bc77f9a39459507700ae84fa2f9b18c6623a2598564bcbac;10018352;Johnson Store;G3
babda1652a55c156134e659c44bd856502bafd3513c2e6c930e6f4c4690c9b0b;10022746;Rdlabs Shop;G1
bacefe514a553fc5dc46c0f5fa2dbb70963eac9d2e8665a4e6f093b0bffc6500;10025249;Texasgulf Market;G2
011731ebdf1714c0ef5f085cb40834e8a47267a7b3e077b084b971342917d0f6;10013252;Gate Shop;G2
8cab98c2a327c82bf901f7417311d62061f5757fade763ec05d2ddeadb7622cf;10022249;Quantum Supermarket;G2
8cb6cbb6d58fad927053f316736a56436448b6e9e5aca6c1bb4aa05dc3d8bab1;10025039;Tandy Superstore;G2
fbd171babe26c65299059ea1ee2ca48594d765588bed6ddcac258ad46131c012;10000466;A2Z Store;G2
30ce72f9b83de640be550b58e830f2ae2ce6c65b773b471cbc12cf69f255ca07;10002150;Accumedic Store;G2
0beea279543971ece3620e8e44b8f4b9c4ed1e9c1346ab3dc8d64c26e556a8ba;10019194;Kerite Company;G2
f014c9157c824a2a118f75cfff0326eaf0b125f6d3b587bcf5b2b3ab805afced;10026868;Xyratex Shop;G1
4a645a2d87610795f976cdbbdfcf7975b3186b1389ff64cc84de0463e5ac8c8f;10010970;EDP Shop;G2
3d0daa5b244d5f4a57040c3ee278ac03586718e9d138ac66c5bc5b1d1df5bc70;10016549;Home Store;G2
93f26b57c19b28dedaaa90d6bf25e1a188715d42f1308f89bad21d2a7730d9c2;10018877;KAT Store;G1
82e14e5178414439d54110ccce75ee2e8fd62f1934c412c07e1c3c240fe0e637;10020715;Old Store;G1
5f6e339c3a047f4a17d32e9e48d808ccb6a5f45e840fce8a16619215184622c5;10025288;Transylvania Supermarket;G1
94b1e541c1feebeb369559fa004c81a8205d2fdd34987fc7056b1c261efc1b4f;10026334;Wayne's Market;G2
900c1da2174a59dffddd43efeaab3d8fbe8963809981b097a2f17836337ffa69;10009631;Clearout Shop;G2
a5f673f4200beb39b809c54ce96329bc56a7b1379ce5aa572cd4e904ad230639;10011821;FenP Supermarket;G2
bc42272122269c69651db436f535cde47c8ace2f6f721af712e45f57af390168;10027572;ZipLip.Com Shop;G2
34372ba075f2fb4725d5c8c2c29dfb4de2a91d78c23140be87e1c883af2fa386;10002501;Action Supermarket;G1
9da8c73f1cbacd3c8090f9f60c297e1cc1e749341f9c2a40c3dc7db7abcbfa77;10012422;Finishing Shop;G2
e8d4da7f591048882f7aa18a17dbc662291bc5a1ab17d0988ab8cce81b9c63d2;10018623;K&M Supermarket;G2
18d06b28b6133e2b5df2873d475040600d555a90de55d1b0a966c8018b3cc310;10025239;Teamaker Shop;G2
dfeac5312e4e25148e6f67e4062455e7fc2c68c0e3827b1479489085765c388b;10003882;Beech Supermarket;G2
92c297902edb899e883f9c56897cb10fcb9e69ebc9fe36ca93270ca212c22b71;10014540;HarveyOpolis Shop;G1
340596db22d97c96edd76175a5b5a97cd05d8fef7f72e1f21d13c98a3ba0d326;10021418;Panzl Shop;G2
df359fd46f5a3f70959358c68da9f2d75580da941f7888861a6b9cc9ce9d4442;10000462;a2i Shop;G2
a98fba143844be579ecc12c11411479ce166e33050ae0cf931b2722bbf471b27;10010969;Edorex Supermarket;G2
4c7e489132ff872e13a018ab2126fdfda8aa957d490cee9107a1de49fe4d8da9;10005043;Bezeq Shop;G1
f87f851fcf264b91bd35da45b0a81e38445e5a32bbcc780d18581527422f899a;10015793;Hetrick Supermarket;G2
c25f60ffc9638baed51f3e3a87a2ea55a2582b8c45050adea8740f583565f777;10018580;K Supermarket;G2
d64679d0810829274bd15ab264ee06d09fddd2f2ff6235735904656564db16bb;10020672;Oki Shop;G1
d0f1998538454f84ff6a85332925db4d01383967a8f32efddd776f792ed54eee;10006836;Biz-comm Shop;G1
a3b1d5975b983443136f4c9a28ee13baeec4342a67d55e8e76b582dff2d135cc;10012927;Galaxy Supermarket;G2
f5afd7305124b2295dca00bdd44538a0c231b5f7f737823afbe766a9bf581b5a;10022252;Quantum Supermarket;G2
2c8c1e6831972d2c6fc38cfa47072b6c931f15e30cce2fc1809ad38f5ba0b4fe;10009643;David Store;G2
7f5af8da2956e04449a1fe7d4907678be9b9b845f6f47ee15e3904fd6a4a92b0;10025814;Valpatken Shop;G2
dabc45d5b76d92c9294739fb25a4bf09155ae7c9be9ac40dfde41f21b463da71;10002159;ACI Shop;G1
1086a2cdb96d6314c436a2029439681bb6261ca7a14b9fd619b97a44654bb934;10012234;Filmotype Shop;G2
6fd365235e95b204795c8f3d86b7e42d03333407893713fb799fba1e27afacc4;10020184;Matradi Megastore;G2
ea8351ccff1edecf9ae0eb47cca5ad183741c9773d56aa519eaae7b21c45b059;10024915;Systems Store;G1
400b6520e87d0f790690553dc71a63e1410d980e1e2964e73d63f31341ee2a20;10000455;Caribian Supermarket;G2
6d7175f8342a536a73d6b567c1f47c3cd53707fe123adc9b56f8a22a985cb691;10011052;Elucidex Shop;G2
20733dbe12b65952f111c580fef8495c9b1c108d97267ca83538f756a1ffca3e;10017553;iLanguage Shop;G2
69015959a2c2992793146aeb53e0d6050f7665379dc5c556d3f7a28dbb435ce0;10019879;Litton Shop;G2
c3c6421823ffbd824f5a1d1c1d277070523c161c23910c0a87d734006a0927e8;10024541;Southern Supermarket;G2
4f4b3bad22fcebd27d1ac98cf35de0cb1d740e959f12e7ff0f185b0102a88ec1;10025305;Ubicco Shop;G2
a667ac6b2d3ef8d22a92724713e3fb7d0cc02bfc0ca955a98b3ef6b6bc36685e;10002144;ACCUCOMP Shop;G3
0778f9d514fb8332e492b92ea8d139922c14d3628b383e117175a8ee8814b583;10012369;Finest Supermarket;G2
70980832fa0614af75dc9d12f4f9f98113e77673d69cef628577c73b89bf4697;10013899;Grumman Market;G2
c8a8f9a155a0846685a6bd52dbc48caa6e790df74b7cf970b47a578de170f3fd;10021223;PacificServ Shop;G2
1a4ea626fcf5e72ae9072c033ef995a72d2ce357a86e56dab4366a35fb960cdb;10010717;East Shop;G2
74e4cd9f6a30d480906c4942a3121c3c1a2a4bea541301d59582469e5313f5b8;10013332;GateMaster Shop;G2
56c98e90191a88418d302d1af319b9f0a7a1d0ba9985b146c1d994669bfc791a;10019105;Kensington Market;G2
942a0683d14bcbcf4747eeaada3796a839f5005fd6d77f621afeaa998cc7f5ec;10022240;Quantum Supermarket;G3
cd5bc09dafc3ff041733b3799503c310f641163af12c2b2e15fc37f5413dbb6e;10025237;Team Supermarket;G3
adbebe579e17eddfc2df61ec5d65d1bb5901f99c51a4e86196cd3f080477f9c7;10020446;NACSCORP Shop;G2
79de3e62ebe93259b2a7b1e0edca5fab320c8a9022bbddd3440cd004f478de99;10022201;Quantum Shop;G1
788925051fd7561cd9979a865c2d6bf9c5fd3e826aa2c4765a8f51ba7e9006f0;10024704;Sterling Store;G2
ae9b2c513c236c1b8c4a29b407f7bd83a44e0026481bf5cd0447b1331b11dded;10027381;Zero-Knowledge Supermarket;G2
0fe243bb5f212d62a6e64c787754399a8c4b46d2f69ef0f451ef62632ff0ba8c;10006848;BizNet Supermarket;G2
45d1b59ea2f3aa2639d98496aaf2b2439af512503b399ac63880dc9ca3077e00;10025291;Trend Market;G2
9b4f1edbe60487c0770204e1548943b1e61d355b1262ca18cae3d0fc430b8c42;10016609;Homestead Market;G3
b432fee9e75959a85dca5ee9df38877352182fd02edc3feadb1173f56954ec09;10019942;LMAO superplace;G2
4cce8a25278fae0f3c75e730136374babad5eaa591b6bdc4700696b475069efb;10020449;Nancy Supermarket;G1
fb2f8cfa9020a6d62ba6066e765c5a544c333b12b3af81feebc1a95d5dbfc611;10021175;Pacific Supermarket;G2
ae56fec261936f5af5104d20b672d1d46a92ef18b84d1f937974a783ca80a8bc;10021203;Pacific Market;G2
b67213fb742d9bfa408fb5c207066dba517184afa518ccaeba09e234efd59dfa;10025353;Total Store;G2
cb3b2edb395376e7e30d17913d6454865158b64bb595664fec7733a65f6f2bd0;10016784;IBEX Shop;G2
831c76bfd6445a12191a2b0492a068c709ccfa28f471aaa35f716b227929ba19;10025769;UUmail Shop;G2
85795cec72c46895234606301b3480177bc75ef7cdd41ed0bbda31650eb15cab;10007117;Bre-X Shop;G1
dde95c69fb71c33684a46b57ee9174e99e090ba31dabfe9eeb662e7cc20243aa;10023760;SataMine Shop;G2
832c10b27671b3a1e175089ecb2b8f028bfa54f574893bc2885b2b8b370a7cba;10023785;Satyam Shop;G2
8ec2e0ff489996add67257d51872fb4cf03a6aa892f6788e4e8753894b47e7d6;10025242;Teamsolve Shop;G1
ca043e8d7b963639f9e443ba57344ebee78ecff028db41625c18dbbc840f9dae;10009907;Del Supermarket;G2
2062a63d6675b05a7c96bcec2dcb89b4303947c63b807b50450d6d0d2d783a15;10011724;Federal Supermarket;G3
d4bd3cbc756fe5cca90b4519b51d74859e1dd3d695df0cc6f41b504225b3c721;10025021;Tailwind Shop;G2
43d77b31936e8ae51abccc759975c4bf5bd46124c3995399af7d2c15b2006bf9;10005376;Bibb Store;G2
6efc90f0418d242c3aec18767a5d1d9155ad03598ef8d1aa90ba862a174ba503;10013426;GDC Shop;G2
4d597a3abfc4f50876b6c676470dd39488b5b8a84ac15789c2a1ee3a33058018;10023241;Revnet Market;G2
bf59b0965de811320eda361d0de8c8dbb691e4422fda56ff5fb470c85b42d1b6;10026268;WarRoom Store;G3
a475bf6f1edc81f7838994f3ff2ce95133640dc5473e3fe44857002e434bdbe3;10010882;EDA Supermarket;G2
cd2d0601b4f3388fdd24885d7b9b9f6f00aa0963f477a010337c5533963ef021;10011360;Equitable Store;G2
e749f05be10c41da9f16a3ab6635820c269500a10c278e643985a102d7391561;10022730;RC Shop;G2
6176542987ab8f4a07ee46bd40d4648049d34004bc140352c96423f1b55cbc24;10005919;Big Store;G2
88a6d1bd0973600e5be0f69bdc25f7e628054e4422249f0feaa7e74a51443137;10021412;Panngea Shop;G2
2902d9ca1eda79baf2eda7ec903e0a84c49ad3f1513a4dcb6c18ac168d69548d;10020982;Outsource Store;G2
0435b07e47c2a4b6a2e05cc3bc60fafadd0a8b35619e855118fe734d341ad43b;10021986;Pinnacle Supermarket;G2
8de9cd75843c225e3e01dd180b5a8755594fe2499fe7df7323f733b1a9ec9851;10024880;Sun Supermarket;G3
38934f36b7f2f3dea782ca075ea14cb4c769bce6265f5c72abde7bba181cdf99;10002161;ACME Maxiplace;G2
3ded8f808ff579094e6ae3b40a51b164cbe433d81fe5fd7253482458535874ed;10007448;Cajun Shop;G2
956fa637c86757d3eb29069d2e80b3247428ac0d111c4ef07389a0b5a7f36ab6;10013238;Gastown Store;G2
b51558b288a80ef5402f7b38f445da61a2780141b2053e52d18944007cf678e3;10015011;Hederman Supermarket;G1
590d226ce9fc4bf13d4b5da50299438561f3ce09a897041ad67b424570faad7f;10019909;LiveWORLD Shop;G2
00d14420d477b6da8dd2e796b8fe8d323722dcb57a42243c4aa73bf7aeffdf5e;10009639;Data Supermarket;G1
d022e09a5865f6245f4057e215e9fb3c9dbc1d65c80df290a46b5f39dfbe7662;10022678;Rave Supermarket;G2
b4b57250556053026bcade40f3cc3fe8f315cdfbe9fb56dab3fa18d3a3f00da8;10024255;Sigma Shop;G2
5c0f729e71d7ccd642932f2d9b016e2c9fe9fa4a9f30a6a17bcc3adb399c507b;10019900;LiveWire Supermarket;G2
cbdf40c49c10b6cd9766b860dcad00be40135565a85555a1ee14d487fd69b8e3;10022168;QualServe Shop;G2
7cfdc5f468bc8fbeffce40668500340bd41f339d5dea7c2bbef45e947059fd73;10012161;Filetron Shop;G2
5226d275d810122273a733c4a13a7dcf559a16e7d5dece343d7d1619655983fb;10025467;Underwriters Supermarket;G2
09b9e642b5c90b8bdbc5247ea902b3ced795f72f5a18ff1d7de60957c2604629;10011979;FiberPlex Shop;G1
d33cd83d1b03732a88d0c6489c28d1d6192656d789b470fbb7dff4b89131b4a9;10018371;Joy Supermarket;G1
217471e5c0186e4c7a7a4a6db093af4bda010d42f65f6371aae1aca0e345adac;10022434;R&R Store;G2
ab34e41cf1032aa4c1c3b82a9162147aabfd28bf6d1ffc09c98b982777d46e37;10025049;Tao Store;G2
72021efabe70cc1511f927669be7a5f1cfa36e8c740294fef3ac496842a34754;10025269;Toledo Market;G2
7519b2378c519401bf6802cf290c33e5bc49611a5301c537c2302af63fb49adf;10026078;Venred Shop;G2
97f4f84fe4478ae1974234c5d39eb596630a0bf6dac57a87ed889201347c7a96;10026291;Warsun Supermarket;G2
80859c6f07da8fd7cdfb9bea433bc7cedf504772d3b9342b5042c524d6134909;10002137;Accidental Shop;G2
55b4fedd420a1f4b0dcb780d3f554df80ea76317ce6ba797b9e2ec997393fd1b;10006917;Borden Supermarket;G2
6464c25845de55334a113f21f85b1fcccd01183afb1ace50ea253d09ce7c2728;10014802;HBS Shop;G1
69b15ae99d48ab0565128322ae0736ccf5ce95138a88421c3ebb1f8e14cf5408;10023524;Salias Gigaplace;G2
0f0b8e17eb2ea52b0d718f1cd6e7f31e130f341870c2bae4e251ad7ad833093e;10024924;T.M. Store;G1
ddb4d130f3cbf15a85053f19d61819f7b630e8db08b0e1f6514ab7122f8a2a21;10003554;Ad Supermarket;G1
e6c139e030f0586eaf15b3cf8f0e8976fe4f246db57329a7eccac18f210b8b9f;10005922;Big Supermarket;G2
b1c11780eb5e48fe634b7434c3a8e00bf9033124751e1b9bf4b1144504aeb500;10007134;C&C Shop;G2
ee4eed316b83c6c43e79a575c40d8c604b4ba6befaf74ddb37ff4103489b5475;10013080;Ganymede Shop;G2
bf9392a41fa9acfd523bceea0ce0b01668c662201782f51e954ea9cf25b5215b;10015824;Heurikon Shop;G2
d887f3f62b9ee416e120f9420a0748917209a64f82d287e3a5426025b6ec327d;10020080;Lucky Shop;G2
15d9c88c608be1c7d104caeca9eb6c5fa97fb400583863ac6091ecb5742376c9;10022183;Quantex Supermarket;G2
138717dfbf8e4238f19ce20d2cbd6a2cdb431dbea5c7af19b5699946806d32ce;10022490;Racal-Datacom Shop;G2
492d582920ea8550d4d216fb041027836de88b05ad7b5fb01c5570f899a8d1f1;10027050;Your Market;G2
e4f3520e43ddeea55b6e89a3855bec8e1b1b64ed2958dc12f35fceb03e56327a;10013670;Gehlken Supermarket;G2
d2cc6180d087abc13db899192683b3827ffaee7d25c93da3f675721f45f161f9;10026062;Venable Shop;G2
45342dbab0ccf2b9a64ddefec8edf00d4f040eff089578910128eaef8f1b2734;10023793;Savetz Store;G2
2949022cd1150844c70134038c90c04202ce67939d69c9e45efa50083952ee1d;10006862;BL Supermarket;G2
5293bdfe65502ff8e699d8692eda0665bd0cfbcccf5b832c0a320cbe19fe08ef;10022732;RC Market;G2
8d4700f003728b0e4ae50ed03dddb2c0dc6651ead560667c83e55744cb9ef14b;10013538;GEAR Shop;G2
4933951445c44f35a6d6fffaf0a5213de8341def5df07cacf8e0df78fe18d671;10020515;NBX Stores;G2
ccb85cccd011563b83508e636c1b7ef3016bdade5ab6a1e42c2970a225a58f6f;10021222;Pacifico's;G2
27fa5b79b5448dd82d4bcd94fef1cb6554dc47464bcff7eecb6fb51bed7034e9;10023703;Sarcom Shop;G1
0da931c2f4601a2fd20624b87bcf3c75deedcc6d87175ac99e4da1539a8e08cc;10024009;Scottish Supermarket;G2
687e29eee238ea450d3fe5ceb89c2ff519fa13faed45a8cc8f4fa67fe0aa7805;10014546;Hauppauge Supermarket;G2
2a00e86eb338e2292cced0ebe107130235b178cde607091e4d1f4646b808a217;10000472;Aaron Store;G2
0904d473f95806fd1dde6fc13501be19eee6bf2766301fd740841f6bc5616e70;10025086;Tartanchase Shop;G1
e71558f15143fb6469fa9ec4b40e50df3df4025d2116a77e29c4a99e8d838b55;10002709;Active Store;G2
06194e5545b3ed4a798a3de7e3347ae240bde4b16b44832fc7baa293ff0b41c6;10016858;IBVA Shop;G2
82962e69d7ef58acae474ac6802d10368ef8d3b4e72436018ea6d81e763045ef;10025919;Vanstars;G2
c27fd7b3dfdb37030a006e4b13ba1ac472361a9058f36dd7ae59ebd7495633a7;10026532;Xediom Shop;G2
9c15974a681b3a8b8d0349d6e9ec137ccfb1b56964c01727a5b0a5f7ab9f6231;10009662;De Store;G2
3ee55187bca98a916ec65337cff76123ae9ab5319e01e9c1756cb699b440de99;10010865;ECS Supermarket;G2
0de4cd719d924cc52952b24d29b82be3affb0b12403fbdc02fdbeccd975a9564;10011345;Emergent Shop;G2
78fdbf5bea5d727ddf0442265940278c8bbc182263b2cec3e88f4d816b2ffcab;10016564;Home Market;G2
f2ea8a715ac87e091c0e2d3af902463c04aee0cfe7ae9829653f4731c6f04703;10007866;Camros Shop;G1
05f72766b833311c4a57af1fce0a9e607beb0dc0117f7227016850be771e3b05;10020849;OnDeck Store;G2
2e47953f5caf52361c9708b564c33e6903b05aa8200c680e7ed9f73981085876;10021240;PAGE Shop;G2
e02d1fab91fbb860906aac2e97f1903f4cd925bf219234c868d552f1a5dffa17;10025241;TeamStore;G1
7c95f8cf87aa1b63e2aa265abfc05140b51b41515bcc9fa6b8defd34249acecc;10021107;P.C.G. Supermarket;G2
ee3d993c0f57e6613fdcebf0e33d002e1b98618600d5e46bfa448a072fca4026;10026861;Xyplex Shop;G2
c1a6cef03bfcd8011ea6d652bdbe87ba01d9373355752410c63f782f5abc2ca3;10022750;Ready-to-Run Shop;G2
2b46a1923f615de25dcabeefe634807f21c4b86e7a8ec878f4d94ad2ad45aee7;10000499;ABSolute Shop;G2
836631923a927f5b0651c9de9f72e2c7832058d1cdaba888ab313eaeb982968a;10007591;ComeStore;G1
3ccad61ba5a3165e188e9c9fff75ad1f400c05ed1d78506a8f778714e15c859d;10014471;Harts Superstore;G3
184cd0fb14136108de9e9a796634fe02242dc951ac8db9679fb9bdd05310e775;10019952;Lobster Market;G2
b9bae2829e56a25ddc7f1b75343e00e47f7429de7c051a1e915260b40896b418;10020227;MaxBan Shop;G2
ab696d815151050e6c98755ce7357213199d52ae2e029bdac6f8e916574f331a;10007457;CalComp Shop;G3
3d8b56a5af71651db2d4291577c0821e7e4060521cee48767e6e36b1127ab1a4;10009652;Dci Shop;G3
a4886765df6b187cdc4377f7ad3f2aa2f7bf74a66e23258d4e0ccccdd8751570;10012305;FIND/SVP Shop;G2
23104b56986286bec3b088465adb38ba93c06c8524b7598de7e59d89dc9750c1;10025571;Unitec Maxistore;G2
0dc4262efd2b812bc8ab5b980e42920b3d84d64777155250ac57e2f3650b96b6;10017576;Illuminati Shop;G2
25af9703ebfa9976a0c9b8b8e8e4c3e0d1835a24186b5bc98a36930908d2b209;10020393;Minneapolis Supermarket;G2
045f97b0647caf9b6219cf71b00ab559974d0aa1cd708731584314af8e8f7c98;10025771;VA Supermarket;G2
00ae1aa59c941ca64bf10dd50319b22a8f8e5eddaca5814307a2ae0d7c406110;10005688;Bien Supermarket;G2
40a1bca8b0cda4f84374487904dff88555aae1bbdea21685120117b4b988bae2;10011398;Ethyl Store;G2
e6738e7cd336042545e582d6e267483cd5db429044c836d035b7f830ea5a9438;10012128;Fifth Supermarket;G3
81aed719b81bf6621d92c256a366aa37b707a46e148189057ab08706c9602055;10024930;T3West Shop;G3
1df5a4e79a0141177627a0060a6de927cf19ae83344bc7b8acca7f406af2df66;10023778;Satronix Shop;G2
32ca0a642c46b1c70781dcef0b735abd1bf5aaf0c815d70c02f2bbfbccd20146;10025032;Talkland Shop;G1
012dbf62e0bf565bd6ba3c2f3ab521864842f9c203be665c434188d0d9599d73;10025158;Taskers Supermarket;G1
ff481a8457fa82c214327c20c964ccc71c47269b0159333c5894a115c838ac71;10025359;UKnames.net Shop;G2
1ddddaab873d1674b7ce1882a652e0ebd61661d0b78c8373fde90c30c2252ac8;10000469;A-2-Z Supermarket;G3
cb3648909163441ee7af748b52209ba745bfbff148d75c8f4c285b40fbc7cea7;10009669;De Store;G2
f4aabcbd487a8476b60b314ba3d1d942eb77ebe12c7ea7e692e4e1c1b67efeff;10019913;Livezone Supermarket;G3
4b484fd334f79b5fcc4365cb39e94ca6a4719f293a586e5a466532c1addf2843;10020931;OutPost Market;G2
afb5fda2abcc616722bf464fa4a0cd2ff7ee5bdc10605f8583f0486a28571482;10021415;Pantech Supermarket;G2
73ab958ee1c55cfe94020ba2176af270eeed8181cec129c8d48085f7d04e76a4;10013341;Gatierf Supermarket;G2
b14a27a4a68884a4369bec51a6f7c1eff67bdcf5714b0f010d72142ea8eb9806;10021239;PADL Shop;G2
36a2392590d0ba539181ce4f737a174163e2a23682598877c7af0f8a161a753d;10021286;PagePoint Shop;G2
7afc92a7b62b914a9581d00043303c187488374a124556a6f409f8d904a8f214;10024246;Siemens Supermarket;G2
667f9295a0fa10f4d24bb983d7a539b7f2f95c1e2e4582cc4b26c717096bcd48;10019880;Litton Supermarket;G2
b00145308dacfed30711f59a098581d83dc189fc6f62a3ef57fd627fb81b7ee9;10011198;e-MDs Shop;G2
9908ce75619447a6ef81e9a89a2de80cda561098e5e47d0aa137bfa64caa3c65;10018146;J.M. Supermarket;G3
5c1e7fedbd8396438ff6909679a0c1becc73e3b99a1b28bbab42c5af4ade5255;10026843;XVT Shop;G2
9894a7da5af53af43247f6af8576d440e72e1390961a7ebc7c64fa6f67529903;10012851;Gailey Market;G2
fbe11a9fb340b01966d8cc6cb81f2bafcca0c5a585921ac160c7b820aa93995c;10013188;Gartner Supermarket;G2
18863ee82c8927b470bb6a0f141d458e1342eb3cebaf7233044ed36bfc55c1a6;10015783;Hershey Supermarket;G2
d48d426df60a45a29b6f68b12a2ebc5e25a78a0a329edf43e7fdb07790c7701b;10019109;KentISP Shop;G2
e3c33c445eba694dc3108c3505d1501669b429374ae206f45d5da6114f05cb56;10027575;Zitel Shop;G2
36536c0a0e902adcdec7d52ccfd6db77e8f0671eacc7db43d30f6d5e8f5d1e23;10020193;Maui Store;G2
58ca52c19dd0f5b38dc43524aa84f27e4c4ee1973b3ceb6664bb577029a347df;10000601;Radio Market;G2
5f25833ba777b8f58d68509563bd0710a11022ef7fdf6c90029c688379ff5e35;10011732;Federated Supermarket;G2
2a7f90520a41c705a55281729088f2d7b26697e61a99ffcfd06e8d0a94e6481e;10020868;One Market;G2
2e84b0e671b76493a6b43bb6715c175db37801f95460b07a1e987a5bf8fbad1b;10025552;Unison Medistore;G2
d02e3248e3dad2feae4bf28a95c5d246de13ddb8b22cc541d35135da7aad8bfa;10007120;Brinco Store;G2
1fb8e741efea10772f5e5f81f5f5714148c82880e7ecfcb9826a5dd8ed466575;10007564;CAM Market;G2
80d748b942a15990dc9e30e5f8b44b341e624363fad3af5306a099d614a45b1b;10019617;Kool-Seal Shop;G2
56d53d9ddeb318d1e11df6b9c2d3cb2427b8dc739fd4c94594582fbfce90af7a;10023447;RKS Shop;G2
743d95497ebc8c4c4a6fe58c9ec8f6e95f2ebc7347c9058a3a8de3039c92c9ef;10000480;Abbotsbury Shop;G2
a2cd5f3840bd5f1411c5f1f28d176b874538324e96ea7189c5c8c5ba091ae0db;10006846;Bizmarts Shop;G2
2311e55708245663c002b8b055c55d0eaf3b3e633e67e07da0cc815af0c9f5cb;10007123;C Supermarket;G2
abfa3def57d9a33c2b21acfd22be26fa7458694ee1537031bac6a2c0a0798f7e;10010935;Edna Megaplace;G2
ed2bb6a05013d35e9a669e1eef53f2e24c011e18847eb3f6c5a14a9d64fad746;10020332;Medics Shop;G2
91356f7576a022f43eca32951d742e8e717578f89e0f791f2cb9c90b15395d3d;10022764;RealiDyne Shop;G2
cdf28cbc97571fabbc7c6026983e041b4f94360b0b8bb0ba6bc8de084a5f3414;10025560;Unisys Supermarket;G2
5d1eab24459314ee4e3a1534757c395a7d58c73fa5a3f78ee33eb880e40ab607;10026355;We Market;G2
af01476b1a0266cb8bba4adb83505ea60a1acb42c85c49f3b73443b9f18bd397;10000458;A&R Market;G2
98f9d438495fb6c7cb0a6c2fe7f396bba83fd50ca84c11fdfd6370d9f96ca45b;10000474;A-ARVIN Store;G2
862be40296c7c11470130426ab41a2a3e6c59869f3e94e36cb6657243e63570e;10002128;Access Store;G1
dec4d939bcd5e52035fc5f4a86b7b958e59d5486ee38972d022566cd2953f873;10019665;Labatt Supermarket;G2
8100c5d7ebdeee0886c69dcec49ba6d973eeebdbd07a66fa451fdcbfceac80bb;10014739;Haz-Mat Store;G2
070fc6ae5d2eab3fcd32aec1e68cf1efdda7e00171faaf0707b391c12d6c0d36;10019150;Kentucky Supermarket;G2
c13bd5135259ff400fc241995aba3e6315779d8a5e07c096572da5ec951010fa;10026023;VEI Shop;G2
2832f395f9a509fd7b685545002254391ddff1d84156d7dea4a1d87fd6e25561;10018603;K&K Supermarket;G1
b91a375cfe3c845d7434d2842be10b91ee70688ee332b4e9949966afeb1f3781;10020915;Ottercom Shop;G2
2104e61bec64aa3bd121c35f4b35d4c5445e50837258451f8da283c39fd68b24;10022456;Ra Maxistore;G2
4713bd901987a2516d5a6351b0076f2f391662c993b74e818720cbe6dfd6061e;10025024;Talarians;G2
ce6dff943a2b8c34eb0b6d2c91595ab6c40828b2d44acccfbb68b47315a82ae2;10010884;EDC Supermarket;G3
4e21c5158db1e1120138f79c97cd6029863bc99e40e9415b71247d043d04ab0b;10021750;Paul Store;G2
f108dbbff1380b56ad259a7b7882a2ccb3c0dbc9f5e2f9a99aa9e6ce44eb82f1;10026055;Dellovade, Supermarket;G2
ae76c511536d2326e5d4fb3ad36cba6cc68faf0e82d8507669075e63c941d417;10012328;Finder Shop;G2
12a22d40b04e8f4ab0e38ada0be0ae2a9d348f34c3e9eab05e59988240e8da2b;10011546;Farrell Supermarket;G2
3e0d3e6c506980aae263ecc5ecbccab1d320261d72d356a03ea1d011d49cbd7b;10012425;Fins Shop;G2
bf3b2672155eb8fdec27603d74a74e760f0d562a11a094cfa4b898553d7759da;10025246;TECC Shop;G3
9a4147ae240663b0a812d6e1bce1c5895c4ed9898aa9cee9937acd74dc29b256;10025418;Ultra-Image Shop;G2
3cd9332470fd374f74ec00279d31854b3849b1ff2c1d5a9be190a7ae9d8a76ea;10015253;Hekimian Store;G3
5c0c6e2d6e3858bfe2f9e52d33e9f4a36ec5f29b3b8edf890d73f9cdc8ad1ec6;10018628;K.C. Supermarket;G2
a7c15531477235b3e761a8311dad0a7e29fdfcb0b85d3a6537092cd1b7a2fbc7;10020962;Output Supermarket;G2
8e710278ca6b1bf519e32654d1e69ebcc9f8ea6ed65f01e8cce4affa84677b65;10021977;Pinnacle Store;G2
6d3bf12c8c3abcd7519ff9ad6d2b8b7b71961468afd4911e828b5a8469bfb890;10019678;Laker Market;G2
8b683b69d7fa16f2fef2e933b5a58eb150e0915a236693c5ecfc6e961c0d0faf;10025247;Telesat Supermarket;G2
c1f9458d70c68f49c4ce91f6a3a15de3930cf36e1e61bbb932c3d4dc567e2c06;10014810;Healtheon Shop;G2
7a3ea016f2d7850c1bcfda928526c5c448e97c8b9fb873c8ebd4579aa307497a;10023783;Saturnus Supermarket;G2
33e29fe791880aba5884951f7db0eee2d0ab0d916ca515a95b8ec1ad91cb4315;10024010;Screaming Market;G2
410ade7f0c5a682ffca11dda2ec9e9709f1e7207278521a24e6d02e22f25bddb;10014779;HBO Supermarket;G2
5a21d6e19b41263a90481130ab213650ec247eaf084f53f2121062ed3dad824a;10022755;Real Supermarket;G1
4c32f9e475a057cde12e65921990bca64dc6fdc7d56e7dd02dbfe2195e8c45e4;10023780;SAT-SAGEM Supermarket;G1
825e59382771e38a9169bed3a85de0089b6993ec96ae38747ecf1592e767b461;10025267;Todd Supermarket;G3
674c36a3dd3e846fe4c51963b7a72233c7b90cc2f850c21258d0d5c6e49b0abf;10021006;Overdreams Shop;G2
4c19cb6d9a0b959ff3bb8f4e40c1da998dee0f74bea62950a35c647e30ec9a00;10021139;Pace Shop;G3
8c6781242139658c92c310a7a71c0db7d54228ff0fbe9d3827017aea186a466e;10025508;Unimedya Shop;G3
4bce86b133f7993b238d7939f9d4a08fc6e918efca2d688974157182a0e8bce3;10002142;AccuCom Shop;G2
9dd3d92dbfc3892c59d5cdde4633068b8b4600fd221d2b543d4403db2a575e3e;10009356;Central Supermarket;G2
46903930b851a6a38d18208eb5b772eaaf5b2bd0270fbb40c39c4fc707b312f7;10024524;Southam Supermarket;G2
0a7f4a6267a2c1cbdc9eb906151799cdcbbbf4b80fb15362a6ea913b865aebce;10025025;Taligent Midstore;G2
da003e3d3728f07b750226cdf7423ded9609b4ec3b3d060c3048c123c48b9279;10027340;Zentrum Market;G2
56c43e5cbac8d0f4fce5ec8032eb7a865f10783e564bbdfdbfccc02dd0a053b9;10025243;Teca-Print Shop;G2
c30664169ccf8a64ba83f62236eef18982aa27d7831f81a5b86db921c1493d03;10011870;Fenwick Supermarket;G2
62f262ec5d72d622ee9e89fdd27f42fac098588743f9d958f26cf10bd6d5b53b;10017314;Idyllwild Shop;G2
39dcc7784f1e9a36bbe5995839a25cdbfa62b6b2f50832db25c1a87e1e5d6d12;10024942;Tag Supermarket;G2
dd1903f5313ef1e6cc6c5888d15806dd843de5c95eb7de3191f4b0056644c199;10015030;Hegemony Shop;G2
6d1e29b98d814ae67ce47ad44e6f9a6225248ad739e5badbcef3d004ae5a7b52;10023471;Road Warriors;G2
1734df60e3de01c28a51096b1c5caa4d83114a89400d87725cbb10da58ab8bff;10007122;C Store;G2
4223538ec1e29015369c95f79fe3dd8e31194cc94e73d68966fc0265e8924d91;10021305;Pallister Supermarket;G2
05cbe62904ffe058f80e77631b34180a57e5c5a0ee0a2c5a916e95cb24902063;10024999;TAGnology Shop;G2
98c057aafd2fb972d1b91d524dc9767b251cd12a073d1e47b0764cb340199b62;10027082;ySecret Shop;G3
fbda43fb2c5f310bb55811c4f6350ecba0ab3208621d51e31d13c687ddd5dfe1;10021668;Pathlight Market;G2
eff5dadbec9936987582cf096d4e5447d75633863fc9ea557bcd37c423d04933;10024016;Screen Supermarket;G1
68baeb619674dc3524fe6b9992c70c70607bfc2f2df96bd21ae7dca6d114340b;10025040;Tangent Shop;G2
451861311d13afe67e0624882daadbff7c5456619ab2e3fcdbaa570792100877;10009697;Debian Shop;G2
35f334922f5be4507f1126b0598eac1b422c73aed7346ee3a0df3085ef12c6df;10018665;Kaim Supermarket;G2
3bf68684b0b988cb54c1f2c582967ca5324f40c69c9ca93e6e0c2e0b8b40459e;10009657;DC-Works Shop;G2
d53b8c30542adf4b092037ca9a1e2426b21fb63223d9b979aec89151796d1118;10013472;GE Market;G2
0322d74532e02b40f739c721787f655526c6e03921b5f3cf1c16ca605584ece0;10027053;YourFuture Shop;G2
3d72bba601448a80f8d6e7625587d12391c7c0ced46ce58e41e39835a0b930b7;10020256;Maxtor Shop;G2
a191fa456484d61778c05a73a5feb73d8a18a25580dc7eca5e25e784de802e48;10007566;Cambio Shop;G2
889a94cd6eb54bf474f3aac2855d488c07338ea3982b8cd0e14f4503a6478c9f;10010906;ediSys Shop;G2
313cb0b1e6711d82cc462175f0601f0654431bbca48fc7b6c1fa302e8aaa9f2f;10017307;Idyll Store;G3
cd708728488efed0d2d74f56121f0f088f550b137baebe1ab3ed890479eda232;10021204;Pacific Store;G3
abbcbc35170db2ef0ac7989b3a72420edaca9d6e407a252ede53bb6eec4d8434;10025251;Time Supermarket;G2
4ddf4b74e9824a7ee8373611b0d6f9fc598c99af58950888f54b7de0cf27a63e;10011997;Fibronics Shop;G2
24ff0d94b635c416e383d868c750930e4076993fd892223cccf56b3bf7d79bc7;10022962;Reflex Store;G1
12ace0e9f2def5629a9f419bee85ebd1cb6717d508cdcda695378ab68e5a6422;10024725;Stone Market;G2
873e98b800727d700d6d14181fefcc3f26887edacec8fc401bc6586e51279dbc;10002136;AccessWare Shop;G1
221df1a577292ac222f8a30a0466582dcffd3f39aad3243cbc984a178ef16dac;10002153;Ace Market;G2
f6333e8c4a97cd02dc72570d9af767efa2f658c8d60a82c5ce5ca8d7db2e5c5d;10010887;Edia Shop;G3
80043df766483d2248ade537bdf67054e07f406ca109e5f9c2c69591b70adff6;10018518;K Shop;G2
0cd776971d1f204e3cf542081fecd4ae6dc904f40d070fee4ecda7c599a9e031;10014495;Harvard Supermarket;G2
7bf5d8cfc0bceb5bd5aa46bda0c1cd895ce3f72ae86b5416448def782e14a753;10022431;R&J Shop;G2
15041d7c1feb0a525a98badcadc702068b4b28e632760e1502f97c05422d9508;10022450;R2J2 Shop;G2
1df275da8f1c06b83dcaea8787561ec6dfb0506fbe6479ffddf30ea26926fc06;10025052;Target Gigstore;G1
d94e8cfe0efd13df538340d4fc38612fcc6b70fce1e8727f3a76f92933223cf3;10026438;PLAINFIELD Market;G1
5a21c70d36ffc32c206a56ec730a8f53f4b47a82b462853c41f3d43597ce8397;10000496;AboveNet Shop;G2
61a58ea18c8a75bdb6e5534aa0f6741f3bff1367a2530b9e6710d1dbb4c65143;10004302;Berkeley Supermarket;G2
872f02f69e1c3838c9f4371051e2c65a79b8b3443654545e89f12683db1ca798;10021300;PageWave Megastore;G2
6dfd924f5375ded5493300b5f78b7bca330fba6d185ed57638e18ca0054c4a87;10002114;Accel Supermarket;G2
905f10fac12ce40f70b320385bef43d4cf02a0a52a57deb9db1f7812aebb7288;10026294;Wasabi Shop;G1
30ff892cdd1483de548768bba4a5d5b71979c59bb28b9ecb32de99721fd4357d;10008893;Caravelle Shop;G2
14e213ea3fa70e49eefc335e27a3408b7cc1a25f4d12ce68d203f1ae29fb7daa;10015789;hesketh.com Shop;G1
42dd7f1ae92e4e2f59f5ac58603fade6738b8e6de6e1ae072e26b1a7a12bdeda;10015886;Hewlett Supermarket;G2
45ee8e10fe58dd475ab4670625b09db74267c15009b90940180733203c429653;10021184;Pacific Supermarket;G2
1a3163b390223f5cfe2686ccb8c04d2ccef9e1a12ba2c0dc4ad50eb97e980428;10026581;Xetron Shop;G2
e928d581ac27a06f262631dcc56beec9829913752fa10ec0ab5f9b3a57c4e167;10002139;Accrue Shop;G2
86ce3ebf70a21b83cd45c1b843f2499880e60c8aa61d73e5db1ea317f84a9ee7;10024003;Scientific Supermarket;G2
101f9862ed0d20dc63198408e35f4dc948049ef371ec383f8d1fba067e77e0a2;10012761;G.R. Supermarket;G1
3a59aed3bf329c7af29504581a472161bb98b29bf946585ddabfbd91fa73eb4c;10015956;Hidden Market;G2
733d2bdb486da89cab223b193f60344f097cfcd0f6616ae7d860d437b9384f71;10017054;Icon Market;G2
3e6ab440bbdb5c0f532db76713a3434ca367f808a1be95cdf428bbcfdb5119b3;10019512;Kim Market;G2
0ae67e4f0cc97c905f024a2b94f2ec498268f2a49f3ae1ec70abba52c4276d48;10026522;XCOM Shop;G2
d9a324bb0769b0ad498fbf6a652daf4231b5079e4c23558da0484dc8ec4dff31;10009656;DCS Market;G2
5a45b95e2d96da62c1b92f86d3eb73d8d4cbaf618a76bdc17768c700b387a746;10010912;edit.nl Shop;G2
1e059893e30f9110261e8f0f938f2a53d927a2b5f3d2aa3c774ecae9ab451a41;10014804;HCS Shop;G2
6800516004a2e5650e1339e3caf5d34d65ef05d58701e56359e0359b2741cc6e;10010914;Editor Shop;G2
2094720598e04c0c7e668a1ff457113a1605c3bba0ab467c4ff9e877a4167ac4;10012600;FireTrans Shop;G2
6745e5f84a2f54d2b1619ffcf03102b37ceb1a2660468c8a63c9e77b25888c36;10020364;Mersey Market;G2
09cc0667042b92f5cc11c0097da6b9dfde369878ccc047612d765331996351c5;10002506;ActionWorld Shop;G2
fe05f5e1d2971f86db0339c0af38860d5dc3ec671101f098b1fdfc5efd71c680;10009653;DCP Supermarket;G3
19bbe55b75feea5a217ef45dd661d657fd53afb17aabe1af73df630a6277626c;10012885;Gainunion Shop;G2
5fa18eb1f5f101ed6ef71f8550aeb60d80e706242d1b24401afa9680e92abd41;10013011;Gamacles Shop;G1
1f533aba133229ebe74a502821c6296d083f3d97c62f8808f0d3a311a66fff7d;10019410;Keystone Store;G3
24dea639483d3754acc5f628082846ad9d7c1b9fef065e6aa53c3dd9c2dc2c1f;10000486;Aberdeen Shop;G2
7f3545b7bfbbfc9fddb22d95bc359c443ef587dd0e368908fc52908d3685ec36;10004245;Bens Megaplace;G2
a62e11a90a6ceed9d9945e78d81701dd0638de0e587b100a35a9dec84b9b6db3;10021283;PageBoy Shop;G2
cf99cb0da4ea72f31a2779f70c0031bf284c204ed0124ee3367c57af92280d77;10008596;Capitolnet Supermarket;G2
b2c7d36b1ff8c0fc489ff6674a29710bbc4dd15530ead73e67db4106a6f38a2c;10014533;Harvey Shop;G2
871bda20786311b13c432718dfd4e5b74ed2fde1a5c7dd1f08d43050ca01dd81;10010855;ECI Supermarket;G2
0f8c3cf0ae918b60b627537beafc1577e222fe51c0dbda8a7d7f87c761885bc2;10011623;Federal Supermarket;G2
bb4f00c4bbbb17b59c01a92f0270aca38889100c15500e6671162656ed16d831;10021936;Pink Supermarket;G2
d46b5e88582c421e9d5511b0fd4ffab3b0e81bce012b9f2305c02ad0adc294f8;10025062;TargetedListings Shop;G2
b5a40211449587a39b24422b51bd1875cc54b75d76294e68679aff31f48faa5d;10026006;Vector USA;G3
2f0d6e3c4b8ae3e00468dc64f5f87d189f99077112630f52bfeeecf0bbf59856;10026839;Xtreme Shop;G2
9a57cafe22d5dc7162d8e2e6b06b310f14f7a3ed7644f8c61dbd48d87356bfad;10027119;Yurie Market;G2
432e6d3b46a97330d925543686913e9137716952bf1cd42a45384049b3a8c6a9;10016542;Holy Supermarket;G2
4a441c3c4b25051df9bedc4b0eeb12b7feda32180b331dc639149699d5cf0af6;10011499;Farmland Supermarket;G2
0187164eba1a70be6f20edd99715982d7175f6c42d375f63423cc6a04793197f;10017290;Id Shop;G1
86892d302a56873e12ee11d030d880d8ed6a2889942479500035c8ce8ff8c91f;10019400;Keystar Superstore;G2
a8f2bda02867ea9daf28d14a13c1c14843be35df8a7dc7faa12104b083a6592e;10020192;MATRIX Shop;G2
8c0234157363e25d8f5ded84e87b490008f648666d1f5f4633484319710c0442;10020388;Metro-Goldwyn-Mayer, Supermarket;G2
4814df9dd9fc6c41b05be6d2ab6ae40b72f6d41058ef97cde438b9f4fe44238f;10025022;Take Supermarket;G1
34bf6b518bb0bb47c6c8df407027d2c80e260735d89ffefb7a96ca0bee68b06b;10025296;Trust Supermarket;G2
18185795223533beffbd14802929dc46d40a4e7a2a8d1fe5fd18912f3169c42e;10001818;Acc Supermarket;G2
27632d2cb4344e9146b656aee14ee3e1d44b3a61c941ac81bd0d4dbd4cdd3754;10005861;Big Supermarket;G1
176b6ae9bcc56a0b221482d9c00f4088f11f4d1ee0cd4bcb8756289df23d9223;10011093;EMC Shop;G2
ca24338d8cdbf496043e877a63d9fd7e765d477fff682cf525c94272ed2748a5;10021145;Pacel Shop;G2
939aac6740f359dee672a1f48e09b56b1060933198b12ffeb462d7e1617c5dc8;10025285;Transalta Store;G2
48432621d550a9a4c774f63f73a7094e9d71bc839897b434f491cbac9cdd6115;10012157;Fifth Store;G2
119493da547125bbf5cc532c45c6a914bcb0104a7dc90d99d65c30d8e7bee7b7;10014043;Guarantee Supermarket;G1
a8c2c02a2f6a1c9917cfbc27dbf22e93eb06b13e82bc56082290924e5e0352a3;10020914;Onetouch Supermarket;G2
fb88c9d58cfae47f953bf983081040e0096140ab1d0a9ef086e08be0e7225869;10009633;Dan Store;G2
0e6f6f1fe2d360cd6084a7f4fbace596a77a25d0adb2225fc9f378e6b2aa6410;10016047;High Store;G2
951ad86b512111f561336734e7dec03daf3eed4bc9f2531aeb5e42d9c873588c;10018363;Jones Stores;G1
b2feb7aacd903b89c7853291023f2b46fe72d6f471b2afc0a0ccc7842ec42988;10000456;A&B Shop;G3
846af1e150120c26ed7959b70cf29e1baab5ad416ad2bb21b5300d8dd970e9d3;10006983;Brentano's Shop;G2
ee5719a98486c54fc098cf6669835921af07ea7c1c98376fd654313ddeee4e08;10021111;P.C'S Shop;G3
d2a5b767debd552ba8d02d6d613972e36d5287ba1cdcfc6d3683653667e3cb42;10027356;Zero Market;G2
fcbca6e613a39dd17d6b1149396a88e1b324f1e5a318f08470291423ead3e971;10006977;Brazilian Supermarket;G2
ff662f79bb7785059145c11f146cc25812df359280a68ebc8236361f7ca701ed;10021804;Picka Superstore;G2
1ed7c357e827c18a897b0884f64230c832673d993d83116b1752adc82e563841;10023538;Salamander Supermarket;G2
5d0685062072ef6554014d57ab96c7e85464f24e78c9a1ee935f36157e870726;10002765;Active Store;G2
cd606f060bc811d536f68507cd81e3f4ebba6338e8ca500bed6411ddbb824f2f;10002240;ACS Shop;G2
48d42c02cfcf8d5f41a7efdb6a258464a42fd3dbaa7871384eed2b7ac9cdb933;10022687;Ravenwerks Shop;G3
f8b9f4196fbdf7cc3cf05f20780ca05cf4472295081de74e352020a0eb8754f5;10000501;Absolute Supermarket;G3
253495bd418ae682ed4edb385a636c6664fd2ba612369800d971ce0f91c585dc;10016780;iBEAM Shop;G1
9b71fceeb5bb5d6e595d2e8148d825d38bad0b393841730846898742f8377b90;10017828;Lee Megastore;G2
6177cfab5c46dbbba138ea67de829c3bcccdd80487dd76282a3dd843aed7cfe7;10007253;C3 Supermarket;G2
b74699080070fcd16ad12c2fcd6280cfc50445d17c8d5bb9d95fad9f5dfe537a;10009650;Dayton Store;G1
e8582a2d49d810369a7f9e72ffe3d13c52d8646da4a8a0f0e7a022d88ba6fbf3;10008638;CAPTA Shop;G2
952310b5125fc0cdc3659aa2ddc0ebb11272725a10c680b406e0a2e2219f658f;10024499;Soloman Market;G2
75331869e0cada70ce0e0e174d84cf14bc3f1d13fe31dab3bab6ee21db4ef9df;10000475;AA-Wizard Shop;G2
f9e55f3989dd99b4d1e8dcb97c2eac37fddeb79edd2e66e1f71bed531447e250;10003857;Beckman Market;G2
c06b6c33d57ac48e70a334e61d57e6a4c221dc94e16a9f2c515e24c2d6e1f314;10008593;Capitola Market;G2
96ba68cd53a14cb8653e74639f328ef552ad65853be9a9854f47cb5aa37bb371;10016588;Bounds Megaplace;G2
6649645cd0b3a4bdb78043988f187bd59b6962c93b9a8bd865b536512e016e24;10010923;Edmark Shop;G1
f054ea0aaf6e7d3db6a094508ea68e083a0b6790ee9a668ceae0ad09de78fb41;10020491;Nbase Shop;G1
de90254b1fc5e92aae4b08989911a2ae04eec32604ce8212c6d5fb00a9da2ee7;10023757;SAS Supermarket;G1
7629b46f84c8b46aa2903ca530190e0b76dc04091168a55ce53f9e68bdd2b984;10000461;A1 Store;G3
07637b6e393c6501d9278574d5efb80ee774814c26b0a3e427803685a9b07b8d;10002149;AccuLAN Shop;G2
331ff0539456086d1b5d6815e1c564b5ce3f8c60f282ddd7edd5fb6072679b7c;10015325;Helius Shop;G2
46bdf078cdd2fdb5c9d9d0817192daf8823d4d2b516c294bfb5b046fedf46f15;10020281;Mb Market;G1
e63d1932c01b2b8639e776da0fd48d66b9b1a8ba198bc466ee24766cc6cbfb12;10021411;Panix Shop;G2
01c8a6e577baf5a8fd918c2f336e13361156b426f775c70b6856b9d5f22a516f;10022470;Racal Store;G2
dcd0e6675d335b3909c6dfe5b7d830f9eed1d152e00d76c5e7365c81d090aca2;10000473;Aaron Supermarket;G2
c0d0ae9f02cb23fc8adf959e5833fdcce91fbb98e2b54cb9964cdde1a909192c;10004602;Best Supermarket;G2
359ab7802e5340c7281935cb79164359e6fd02f4f09320d7808e3f10a8e293d4;10020662;Nematron Shop;G1
c3244a3b67b2fbb5757c9afc3ac77fdedd9ab422a25dadb2cb6626502e8a21f7;10023759;SASCO Store;G2
a0ad9532608864f195d6bb8a70c2e0fbb449f7f0f6776ec8bc0854ee37ebc908;10006805;Bitstream Shop;G1
e515ba09ed6a9d141edd529bb01bbf7304fae6a326e031d8c6981571b677fc30;10020927;Outbreak Shop;G2
6a154bff93d286edb3cd5965cd39eb4fd8fdb7356d39b6a501b656ba7c24b13b;10000497;Abplus Shop;G1
1eef0a95b54879ffab62accb9250b9ba60c23a2bec873d7355bd401e09f82424;10011018;Eloi Supermarket;G2
bc816fe72107f040daa8e9fbb4a283c27a73b04f2d92e861972cc24ab706bf57;10025023;TAL Store;G3
93fe044f57bf59be724143db996bb6e2edf2f66d4dd3acdca13c1d2727b48b77;10025034;Talou Shop;G2
332b2fa4e7a3e2d6365bd0f0a88c33b85251723603a7a862e5737024d815e7d2;10000488;ABI Supermarket;G1
510bb6d8f93cce9d603717927182af39a2fd51ae20960f71b29792e48537b757;10003749;Associates Shop;G1
c9f358dcc357306d5177cde00b218fb36df02f1827af8130cb7c3a098d7fc045;10009654;DCS Store;G2
8c8017e5cb142d95ee8424ecec3a05702428b6fd5aedd7e4c0e6e28adc1ba1ec;10021380;Pangaea Store;G2
6c875e06763b71058064dab49df36d180bd90ac9fadb32a2afb908e4a389f70f;10015275;Helios Shop;G2
e16e407fc74326aa0bd965480e1ca93420f74cf4e55d990a09fc9076ccf99ef6;10021736;Patton Store;G1
4f83795e5c48b0353103ae1bb97602c29289c8c67d8362a38d6b5b20b7468346;10009647;Dayton Supermarket;G2
4f110605885abc3ccdc035552fb98cbd367ba9d7375f14952c825778b1c4d92c;10010897;Edify Shop;G2
1d38a5a432589f7e76511483a1be393ccb41286b8863a0b6ef6695ee878d7e26;10013232;Garza Supermarket;G2
8acbab6723d472e881cbfdda815f23f5ef4bcfc128a6a189711c64126fdd0ef1;10021470;Papyrus Supermarket;G2
2f3b1d1dafca95ba2a13eaad665bfe47d21a2500d605d84a1c38b1151041c617;10024022;Screen Supermarket;G2
c7e061d1d4c7f981dfd015085021f6b8f9f5c29c47ab57cfb6a790550f3951f9;10002746;Active Supermarket;G2
a1b5cf12e2e0368e7426c327b8177a25302173194703fe970da8bcc3f3d96af2;10007121;C Market;G2
ceb4d4d620cece546308bdb0e8277c6e01b8f45eb1e5ebdc106bba3002fdc6c5;10014047;Gulf Market;G2
f26473147a2fbe324d7fcacf8467291457cffcf69ae3837b27ede1addc2a566c;10020684;Oklahoma Supermarket;G2
1a7ea079d9a1db8ba9d4eee19f7aba180e28214b7a0a69df19e4c75989baac02;10025238;Team Supermarket;G2
cafd26eb34d2aed312439974eaead1150ce010c5ce1c022d817a4deeef76d036;10026081;Ventana Maxistore;G1
814f4145926a017dcac7ed4387f58053b6c424db3bf047f0046adc41df7112ad;10009606;Champs Gigaplace;G1
93b80c0e0fcff8bdae138f90946337cb5a0cff2f8d4e435d4afb182d083f08d8;10021160;Pacific Gigaplace;G1
68528da78f14ee38df0d1a5018e7933ce3fb4c6735d5aa98c11c6e4ae6f01c44;10023003;Remedy Shop;G2
b7acebb9727c314c1fb15c90e3aa1e61a376016c142330084b20dad8ac39943e;10014264;Harbour Store;G2
d4ade4064bba177065cc8e23fc9cc9a30d0a91004155406194c41fe06fc4f26a;10018885;Kawneer Market;G2
bf19dff09356fbab4d9e52ed2c954493b8f2cc537cb4a3ba2421d4cea7c53bf1;10021242;Page Store;G3
b27d8bce1b2b939818bc1b35706ac04a87654aff2c0b65ee38b5b51408d3e09c;10024743;Stone Supermarket;G2
23cefa139be91872b3b8d9e1b614cc2d9848dc97921afc47353518551a470e67;10008381;CAPCON Shop;G2
3f58bc9409d9e992cd3b5c79995af08b43bc76e6b34f25a9c5a22fe7f2a97ea3;10006037;Bigelow Store;G1
d20335d95fa3e0fec3ef273c2e6c4064c3dbc7956f0ffa2d22d3429222c4766a;10013574;Gebbie Store;G2
3c682fc0234dc45dbd2cc948d7407f20b83c7c9c1134607009457416fc1d4d1a;10020663;Neos Gigaplace;G2
8adf3361d8e878a87fd00e381a22843052cf87316b0bc2893a932ba2c218e034;10023964;Science Store;G3
730368f6116e010e58334fa6b0fbb154fe62c29560fc1815ea943539c78ca530;10002244;ACS Market;G2
4366d8b7294567c50cc532826ed77a83a2c9a506215153d977b0da53f2eab1a9;10019388;KeyComm Shop;G2
60d1c6b5ad56f78513be29f4493433b94d1a016916c276e5b7ac5b59ded0f563;10020181;Markets;G1
816bd0acaa00ffebe164652b04a70ed3bdee8fcba57ec7607318910d6cfb5e09;10024270;Signatures Superstore;G2
c2673695ebf0c95ad85b17a03f541af009d8393cb9728130fc3cc98aa4ef726a;10025302;U.S. Market;G2
1503d034166bbbb0979b7684eb1175617aaa51c466c18e4c5122a55c232248f3;10023513;Sagent Shop;G2
b0e50c838b8584e85497493f8477711c6b62e1b7e6f107845f99f23fcb24623d;10009623;Chas Market;G2
a93fbebe2de6a1d8fffa24f94d4c0a15b91f22150c0b57c0e51b16c12144f0bd;10014469;Harte-Hanks Market;G2
dd42fb67555bbe0d0baea8432f3234ff910e280ff1c85e3ea62d63e0fde669d1;10016303;HMR Shop;G2
7850dd4bc4b9b2eb6ae04b06226ca25587c741f1d49ac2f7dd58d48ec681633f;10021485;Paracel Gigaplace;G2
70c3b4b0040ab4a7094d0c4d963f6ff2279cd5e10f5afcbc2f3155d7af5f9b86;10023212;Reuters Supermarket;G2
4cdd27c4b7f9ecf508519928e76609ab77a2e0010b17234a17af78473522dec6;10025248;Telus Store;G2
0644fe31f5d88962d69dc27c0d089df790e8bf96c30d91e678777cee91a7b22a;10019812;Lewis Supermarket;G2
4f61b6055bb4544285f39fc5f7e27f00c60f765332887576a51f3d5ceadb43bc;10025558;Unisys Shop;G2
cad6a93438482edc8f0adc4de7369b9fd629c364f167c5f8ce0d02a278a0c5fe;10000457;A&G Shop;G1
c175c8dfc254a9f8566b59c6fd20903c0c0f969440cb171fa69ca248dc6fd204;10009672;DEAC Shop;G2
1d4b8624f38c4db3bf8a618e56957047f0d9583c9e13fab45a636242e89ceec0;10011355;Enterprises Shop;G2
9675963520401c6e20f9bfc89e35f3467ae006c884a9aa7742de11aa7c4162a3;10014238;Harbor Store;G1
fdfa2c6ad399f070f5f9650e4e6232ad20a13253100956fe42c5658902a5a994;10023235;ReviewBooth Shop;G2
79a66cf5d5f8defc26e70ad3226dacc64b9ed31594d81bff61ee96a691318af9;10004207;Bell Store;G1
b2e64294862dfccc09fe81ab86fc35712305b28fd79112bea60e1f31ebc7dc41;10008134;Canter Shop;G2
e73e46522e83c18f58e5dc7455ec1c95bdf3a7c0f51504d27e1b2b76d5b4d000;10013765;Gemini Supermarket;G2
63df51b3ad459d478c6b79d28cce3c5f7e0086600be8e315aa80329a09f14550;10018129;J.M. Market;G1
1f6cf7e075656fd8b299fb6aff2301970c307793ff04806e1b2a1efba6264ac4;10026009;Vectrix Shop;G1
bed33a3164171c89490271a9764cc403ad542e0eb010bbe63dd23b0aacdfb4a1;10011734;Felidae Enterprises;G2
838e1caaeaa0e4a80e78ec902c825b4460022e04f8ba6151bffa0947ebe355ad;10013061;Gammel Group;G3
acda4e0b2eddf9716e51a429178e1a39e21bbc0afc2816381f3b4a575ddad667;10025299;U.S. Market;G3
34a6eb72ec48a7cb01f97cf1613f281f6b786e4d2c9dec4d7574efe71b85b002;10019664;Koppers Supermarket;G2
9d1a9d55a885a85ecbf18cb29961f264984714d8575e0d907e5ff553b386bcb9;10002520;ActivCard Shop;G1
9b3c1169de798a457e060ea8e60bee3aa205cd1cfced2da30635d8d190838a04;10000453;A Supermarket;G1
3ebc82d283d29ea5c0603e049ff72835c1630f7bef26d38be78f8aeb716f1b41;10001786;Acara Shop;G2
a9d531a4d5e0441e51ba027948dd953836c51641d9e104323bf547817c9a9c37;10011981;FIBERWORKS Shop;G2
3d4f3e43c45375e57d13db1993ca544759313b30c33c54cb40a54175a6e74c72;10021472;Parabole Shop;G3
fc3af99606c347b7dde43b92c2fc7a63910687c66fd33be452a3ff2d90056b7c;10023221;Reveal Supermarket;G2
d1fac869aec5b4760a9298914ad4ec8e3f9af4856181999c952ef4dca26467c6;10025298;U. Supermarket;G3
b30f16016e527ee6371d8665704bbbb381417294632a6543397a97a4a6fb7876;10009985;E Supermarket;G2
b0df06561e9c6761734b84630c96b4f00347d5bdb1ad9f61e292ec433064f10c;10013039;Gamma Supermarket;G2
838852f5719674b4d421c0c64138a1c74ba2ed4df991b905ed749bf367831720;10002140;Accton Shop;G2
8f6faa25d629b254b98a0d9eba886a79a16e8b62257d129f8d27d36093d5e69c;10013572;GearSource Shop;G2
007a996944febe33beb340dfaef7015b890544da89351514b71cea3f8f07c830;10022423;Qwest Shop;G2
fda22d4efb6e36ad8d4b74b020491b0cbad5296c0fdc94e41830ef36bb416888;10025758;UTStarGate Shop;G2
dfc842186419853fe6bfac7fd6e2963a0efccbda3369e94b6dab1fcbc2485f10;10010698;Earth Shop;G2
87176dedeeb95471ff3ecdbcea8f58d2e4e123faf275489fdc5fda53d1d90d2c;10025284;Towmotor Supermarket;G2
cbd203bdb20aa3bdd9ae3ba0f1b19099289b0828df9da2ab553c1ab9bef0778b;10007183;C.O.F. Shop;G2
8e2ec189e18537907f8ee35b4291ca3291ed5c94f53c62bd78033f1052cd84b2;10013079;Gandalf Supermarket;G2
cd8a2c0dba894adcd4634ab2ae6a5815b7f856c23d8d4aad87cf84d7e78c3617;10010974;EDS Shop;G2
3f47b3d648bdbe293db7dcc1a578cf4010d1edb97f7760796be6a2633ac3d90b;10019420;Keystroke Market;G1
d7e038c2da50b9db35aa34fae546ac7430c192363c311c7aa39008f147daadc4;10021911;PING Shop;G1
65feda1187342ee93df695a5154db2427990723cff9b5d295f408603b66aabdc;10022725;Razorfish Shop;G2
b88a85a50ef11ea96e92bc42ad81beffd497f48300fc8cdb68d7c92e4a82fe7b;10025036;Tampa Market;G2
c4c24e8526fc5397b98c2b8d3484092da0240e73d29ab6db4499ba15c9a98e5c;10012226;Fills;G2
6e5273771efed3c2cb8d6be1424bbfa1d06abf4c6f8e36449bf2531c6504d2a1;10014059;GURUs Shop;G2
7bbe08027d49b7b6dd1f50802e20aa82eda10118ce7049f7413b0381102494c9;10027560;Zilog Shop;G2
733b62b2c06532944150058815f7f5cd54e692ca3a78398375a44f3beaea93f2;10013509;Geac Shop;G2
b48000ea1e64794a9916a82983459c99ff49496d87c11d88afdf4d8b7129d4b2;10025063;Taroch Mexistore;G1
36534d23d80a923675a1d645e9dee556eab63527024edf49bb12954322b57e83;10025264;Today Shop;G2
2280b21b5b521a99d7e8769e055b232ef41932843cb63673a0efceb65fb15a2a;10010886;EDGE Supermarket;G2
29539b55a27e4500ef48c5e307063ae869d2658bc252be8776ff27b26e81c5ba;10010990;Elbit Market;G2
1ded54bc7ae918dee01f4d908a733eb3026ac68c3869eb531612902776fcfaf4;10023715;Diss Gigastore;G2
76e41c113361b9c146abff2e31d6d1bf10da0eb435b32f01b7252e5b383d2e2b;10009885;Degolyer Supermarket;G3
2c382374851eb3324e5066fcbcebce0bb98258992863f2827d16c17bab80d069;10025300;U.S. Market;G2
373910f311d55a89a5d6954be2149cf2d2eeb25af9c378b0b30beadf23646165;10020492;NBTel Shop;G2
e8fe81c33a917b9601c82f82735551cb16c04bed9a3a410393fd230aaef26ecb;10025037;Tampere Shop;G2
0fa2c926719aa2f0374e53b96976f898d7eeaaba2d27ae082ea88dd190ae22b1;10005236;BH Supermarket;G2
f9df176e1fd13e98633e176f7358712bbe5d21c3a73721c511a7b3da9b7cb403;10015495;Hennings;G2
58b7997784110a355f51ccef3b155b6ea01a5f9fc8937a612a5b00ce99210cb8;10018644;Kabbalah Shop;G2
c810b7c5b167313cee8d9c8d249113c71c2e489a3b634ccc65dee3a54c5b9ba7;10018871;Karsings;G2
27c3f4e83ad7b13095f000519cd74d911b2bbf94c282a212e5dd965bcbac831f;10022978;Relcom Shop;G2
c850fa0d78101255847bea594f67537e69898412ab62aced4295ab22c205e372;10025515;UniPress Shop;G2
10b9c4296e3436b730d643e36948146f50b8f0dfa796a6570044b91077896210;10002220;ACRON Shop;G3
bc5c81dfc970d9ab6706beceac749a854ec4d6b24a28eed869b45a9eefbdee8d;10009863;Deere Store;G1
3a8c2ffa9b84a8b5bdf4ab585be7e64ce87d934dc97d3acdc2ef66c1585c547a;10021459;Papyrus Shop;G2
420eee24723059dede4bd6642f85934a671aeef9c33e02572d497fce44ee1db2;10002489;ACT Supermarket;G2
b9cb13eee025b6881ec2da446f1975a426cc870af64e24a4a9a712e8eb395932;10020639;NECX Market;G2
477b7988a2773ab668ccfe4059dc25fdfbb10ae0704292c013a5a970a59f5cad;10025289;Tredegar Market;G2
e33b0277fa872f6c3f4706e20ecfd28cbca7f882246c80eca0a07167b5204daf;10025549;UNIS Supermarket;G2
f1c4bcaf4eae856cd8e31fac63fd81d71a2cb2e0f3ce675d5b3b57ee4974ec8c;10009660;DDR Shop;G2
864153de385bfeee0008270c4fff7d7227154e06c021d51a33e9310f49323654;10020907;Onebox Shop;G1
b59fedf474f623f58f0923b89ff5d7828b88e4d47df0f251e738d91fd39e6447;10025061;Target Store;G2
668461a6d78a6c2de189b511c857d39b3594b13c40566a21a478fe2a1c6e561e;10008602;Caprica Supermarket;G2
a9bdedaa9677a96045bee16ceda2350766880e6957f3c15af6091ab23dcd8bb7;10023489;Robust Store;G2
5efbce8ba3c971f1085dbd5050f578cea9a02844744f4ef223b609126f28be79;10023516;SAIC Supermarket;G2
de534041119175a84386ad7a50c6c0545a07b0073a53ffe884e15db6c75908f3;10025575;United Market;G3
e10afb6735ea7629d2e34afa235ddb6b2ea071be674194b1ca7d6bbc646f970c;10006093;BigJobs Shop;G2
bb254e7169951f8f2a2bf0be20255c380fb787eebc331e6250a95f00edfa0239;10009645;Day Market;G2
21e44375cf73cc95e26a1b628b4d632199e12437aeb9da08e3b8d7951be7979a;10024260;Sigma Supermarket;G2
b016f8e18e914823434495432495d0eb909acb3ed7c904537d3efd7e51d5b5aa;10002154;Acer Superstore;G3
025b276fe8f947af6f14f2c72eb41b3ff89da6bf6fb7941ca4a50f1310fe9146;10000481;Abbott Shop;G2
3b725aecdc2469958dc528677891df302c242bf12ee7e143d79275f6f70704b1;10020864;One Store;G2
da5b24e709710ac11984d8b7d2f9314667e2388042067598714e63bc876d4095;10026348;WDND Shop;G2
4bf0d26761565e484de36c56e2923d1e3a05f44244b0cead63e4ded6b6a77b54;10002155;ACES Supermarket;G1
51df5a3c434daeb8cc9bb1c6f27e894961560a7174a6d52769a8493d2625e84d;10006919;Hoovey SuperStore;G1
f82c73a82085d1805fad1a10e637c62343fb3ee051ae4a7ecef105a2b0461f3c;10018867;Kari Supermarket;G2
3950c4426458cbcc51d09abd5328360a651caa91b36232b7eefe92ebcea4bb41;10023275;RFI Superstore;G2
d05dacdf40001790d5951e6d2669753ff7b3ef52b46a76112462822d95f484a5;10026365;Whites;G2
20780ac2c683ea74f0ba83cb8fc38b0d6dce04db832df68153f49b00b05c6547;10026560;Xentec Shop;G2
939b5dfc4aac0b124f4d66533f49c8e34a65b9bce0603d113813592be7e5b4e3;10023244;Revolutionary Supermarket;G2
7b2d006be26bee83305e5f7ce6b02267b2d63a2952868448489151c31d878e77;10026299;Watcom Maxistore;G2
0603cdfe2d4c69102299d0de46bf41687a20b0c83bdefa567bae1836a4b56821;10027583;zNET Shop;G2
4b428ccf3bf3674117d694e67a613f9f04ebd1a9a100524df2ec01459a1d7f09;10009679;Debenhams Supermarket;G2
c438d50043348e80a5394a525c5994488df049a8ae78c0d3c55cab5f366c93ea;10012158;Filene? Shop;G2
16a96a4e23a87b7cd58555c7da489261547b2a90ec008a32f452f07fc12b5caa;10013127;Garbee Supermarket;G3
802fcad596ceb0ad4ecd2b7565b00270f8e9ebe555c008a78e113decdff2c07a;10016113;Hill Supermarket;G2
8fe021039156913e91c86bd289e2fa3fd5c99cae3c6ae0b892d47aa22f71b5e4;10020909;Onestar Shop;G2
36035ebd7aa56e857bad45b66276042652bf1252e203f6a434b745ad9caa652c;10022167;Quallaby Megaplace;G1
7b75f24fffbfe2e8b77916332c52358b94e62e34878f42f9b2e0c802687920d8;10000478;Abacus Market;G2
e07ed222e45bdff1e8159524870c7f552ae69409460b55ab343256a8f1254a8b;10005006;Betacorp Shop;G2
3cda8f36ccf64fafd2e859797422dcc1d9c5a43760c8256eeaa6325a0d7f721e;10019469;kGS Shop;G2
c4f3fc78bc00269af6639e16ef5ef06f3bbaeda6a16e3491bd3d5405d3f9c39e;10023022;Renaissance Supermarket;G3
3db5ff5d699c822f73ca58849b391d8a64735e37ca9c41d71473483b8c8f81cd;10025038;Tanager Shop;G2
395cd06d33c66da43a2ea34b8d1e64da7b39b783398e4c9a8e1bb4e22bf12007;10025287;TransCanada Store;G2
fbae93c10f75ec7dbd08ff8babeb4db5893be5c109d2cefba1a6fd0878cf6d19;10007355;CAF Market;G2
08b3223e4f950ee49b414f137361e45e84d1349feec71684f6351e52b94b2131;10015267;Helfand Store;G1
cf20afdb9cbb854c000b3c72be40dc762a615ec956489139586da1d8c93101d2;10022444;R.J. Market;G2
7c6a1e2569ec37cde512bca0e57f1fa5e0d18dee00d98ecbc05278e6ed1e444c;10023509;Safetynet Shop;G2
e94aecb4064933a5ca1fb2628d872d283131babe9a8c4fd6c8c203e31a3964a0;10020247;MAXSTRAT Shop;G2
4814fc4913d6844f8b4932b83470ffbfa303862c387be024fcc75ddc9e082bd9;10013397;G-Com Supermarket;G2
e1cb73c67e8192ecb66778ca1bf15ac0db554fd8b51d8f195c730f28b3a57788;10020390;Miles Supermarket;G2
994a2851ec139c8e2c73e301290caea33e8fea0e60bf9e68139000034a235cd6;10021494;Paraclipse Shop;G2
26db891bbb55403e1cb57532921e3c2ff5e73b05d6cab3517f7682dfd485d3b5;10024262;Signature Shop;G2
9001002b5bf7c31667428b5291669a5dc8e3e60a28978cfc9a0e59259d3284e2;10024550;Southwire Store;G2
37cf50fe033d5bbf2753101035c7987acefa317b882fd7a00863d06d2e50efd1;10007536;Calypso Maxi Store;G2
899985288a1f4d812da7377c0a7fdd0aa8dd95e1b1f020345c3e7c16fb393dd5;10019897;Livermore Store;G2
49695fb252df9f6980ba6aa28e634ff03e39aaf3aab0d5ec9de162a8f27c37f3;10021158;Pacific Supermarket;G3
d9553d3ea5325b2ce9dc5db7a41b246369417c6b70fd6fbe48adf020198cfd18;10023495;Safe Shop;G1
55417f64952f1e0831d5e8b5efbd40f32a4641b297ff5ccd26a5d5eef228ff29;10024477;Smith Supermarket;G1
937eedd90fcc95f88cf992a01813de74a0590da7ca7887a3ff192a4e661fbb9f;10013052;GammaGraphX Store;G2
33d77787dd477dd6d0f3724aa7b9fecc2fdbdddd9ed26e47c163c49c50bb7d3d;10021422;PAP Supermarket;G2
01a579cec79d46751cff66690d81691132de5cc34cdd4885fcb2c661169fc468;10025252;Times Store;G2
44bb377253678312a3f725a3268b795e780cdfb73866490285d29ffe693e9fa2;10004516;Besicorp Shop;G1
f6939ff64fe8a3f2c49c56cca57652779ee0f4ebdb574d7997fef3ada45a0267;10019682;Lamson Store;G2
9be0a77b194de4fc32f8aea0bf04a74a7c2610ac19db74875d6299cc00097377;10021331;Palo Supermarket;G2
ac84e5cdd77bbcd2157598669c0b70789b8958fdbb8b9ce5133e21b62b46105b;10026038;Velos Supermarket;G1
b1687804e58e4c94482ba2a9e24df46569339f15eddc21c45453db79632e201e;10000471;Aadast Shop;G1
20912f67a51ead9cad1922ebcc739cdc7b544b886d4470a424566cfd36199ed6;10004256;Benedict Shop;G2
b7d8f17a2686b5246013fab40bd9fb19581e90e2815db8359002ff6ec5ea284a;10011842;Fentek Market;G2
8728e426565893c6b52ce29d4fe5b4f9ea92825e44f8827facd3e1405b4db9ca;10018868;Karickal Store;G1
00384407274175bf972827c98f4e471ff3c7281b4a7142d34693a123aabe6841;10022166;QualityLogic Shop;G2
2adc0553e9ede4c27f75a9a775f7843391df5d63253ebef55cc7c24d44c55018;10017585;Ilog Shop;G2
f619002c9efc4292baee24de67bcf893251e291ed457c54703d5c4c79e92a9ab;10017852;J.A. Supermarket;G1
930e8496af71d9d72409890475f015039b5650e805caa35c6abb6ae25b02c604;10020445;N.Graphics Shop;G2
f006147923ee5e0033b9b22f4e0c985cdee91a394b8a1407b405f0c0be3925f8;10025778;Valicert Midstore;G2
0a50b14146dd4d24f267a7e59a4add2683ce1e5862b32a3769f8eb61f4d60c71;10009642;David Store;G2
28d2c89c1f48c122fe83c9861d5bf05d055e0f434ca428c7dfcd4a7028e0898b;10021297;PageSites Shop;G2
51b9511076d819f1a6344704d5c7730de1f48989be2296da1eeed229a6906311;10007309;Cadtex Shop;G1
ffb127ddbfa0c0be5a1a7f2a6921223daefe88b886549ddc63f5f0905d11a4ca;10025250;TICOR Shop;G2
9d43da9bffe66b3e4147e594a131240e8d39232879d2aa6080b0c5fb0df20e55;10026521;Xcert Shop;G1
a0969d8f117de225ecbec6ae2bff3272fa7228abf779d29a4cc2401daaf96458;10003720;Age Shop;G2
4d894776001ce20cc27adcb43eb83480b8278f14032b48d7767ad994e0297f1b;10007258;C3I Shop;G2
0d915f60008e4f7ae763b1129e711af9935d630ad59009cc4311091f32e1c7d2;10014803;HCHS Shop;G2
7e89b05b44495813e3d0b32deff2a7212295c2b46b9ef670f0b61238f13c1d8e;10019514;Kimball Supermarket;G2
b802752949da8979eb9dcfcff6688eeab7fdf465f8180f604a14f2ef5dd2efda;10020266;Maxwell Supermarket;G2
35bc0a4977a941902ad7fa97a68cab3ce385f5a550f46280bc67719373c77538;10021231;Packard Supermarket;G2
e1e69d8af3892601ca8c2401302ed2b51cba63c3338f685e118c8a6512d39975;10021996;Pinnacle Supermarket;G2
bffad91a895783754f89ab09b408d88b5697aa72621f3c3a40b1ec9ec3ffa5da;10002526;Active Shop;G1
c08ef21f45f55aa622eab3d2c9b4979e774d5d35760e5f1e3ad90f7ac92dcbe5;10006916;Boott Store;G2
8cf7003aa18493dbb93a99726289845d91cf3373bdb7de638269e0030d5d3ef4;10012715;Fokas Midstore;G2
430ff389da7229946ae79f95c8da01086a9a13d46b16a816f7b9e2d74d88b862;10017072;Iconation Shop;G2
596ddfac1784649cdd92bf06525a8458c1d4ffa7a5e45f49eea7c8527a6fefac;10020306;McGraw-Hill Supermarket;G2
aa24c46387542be2e97ba1b1e0ffb7fc13bb0fab14bdedd2eb4b42a1307d1557;10021179;Pacific Store;G2
89363412077a0923a897243fad6e49415e4d57a478b45347eb88c9f5d8779697;10021270;Page Market;G2
989843b9bf53f4d4bbfe5c96468fbf944fbec7c2d05e79d7d98fae7b4ed7200b;10025304;UBF Shop;G2
f4ba1862a8226e166e95c03016e5da2e2a2accb6038575e087e3bcedcebfd685;10025392;Ultimate Supermarket;G2
6f34ac0bc1e91d067c148050f44be420a979fab00ca6fb993e2da366a1afe363;10016548;Home Superstore;G2
96808e6cff54a4ad4bf9073ac1f71026c53f7c3ff6c2bd97df35b9d5b8d75282;10024006;ScotGold Market;G2
0607e604089aef7d15bbace4ed1cc72fa23fc15152e7d35ae13e473ed7576a5e;10026606;Xilinix Midstore;G2
fc9c609487ad75a1883b6a86a7797ceb2dbb49effa53b565a13dcbb27d19eb84;10009156;Carden Supermarket;G2
c685dbdaa3d34b2a0298a964726602a5e00c2ba6de77673d85b73e4d92c1243a;10020448;Nanao Shop;G3
26b4c5f0e6d683ce407b7a1589402157547d438ca6edcbb9d494491becd717d5;10002969;activeDesign Shop;G2
9685ee36be93cf677f3322ae7996496aac07af4bbcbd7d5a13e43d69d2108ff6;10017638;Kellys Gigastore;G2
326fbac9f2e6e622133eeca6cca04410f8a3e5fba1705b94466626302001094a;10024034;Script Supermarket;G3
0c6dd7206d6329482fecedbf29a31adbb36ba336a7915a1dac00cc67340c5d14;10003795;Bechtel Supermarket;G2
4a02e4dcb5245217900875223a9f1b3991433fd95bb439494a78f21693c821c7;10007577;Cam-Built Supermarket;G2
4addb8ba956c36e6e2a7229deb4c7cae5590a920146097783ddf3536b0ae11b3;10013870;Greymac Trust Company;G2
313e6c2402acc4e3f04357a83f9a5af90ec14bc4b1c7b8161b75cb840979a489;10016334;Hobart Store;G2
489aa674cb20e3699e71b9fd338b0306963443e0fb24ce633b8a30bcc400931e;10002412;Acsior Shop;G1
ca86956552cf29f4e2ebe2ae59e107081133b227d24dcd20fa4f313d7d0e4b84;10016045;High Supermarket;G2
6202ec8a1ac52bbff61eb1ba41bd211a70320081ddcd2e08f4da3e2d78af883d;10017036;Icon Superstore;G2
36670cce26b6daf908dfc344b103b87bfbeba782f32cbebb4f9899cafa78a77e;10023511;Sage Supermarket;G1
91c6fefb59a0fc958b4a7b497a6161263a3ddb19e2932c71c8d46f7847310972;10025495;UniForum Shop;G2
7cfab115b078112e6152cfe59ddf67bed9a86fd810710314d289811a4d8b5416;10012235;Fimetrics Supermarket;G3
f01291a33e4ab888a4cd3a3b240370999b89473ba5c7c630f371bc36ec3b68f8;10020413;Molson Store;G2
6df69ef36ef20ff70f6b4b6c6d41490baa8bf6dad27ab084b98f2e073c56aacf;10023023;Crew Superstore;G2
412cf95f59e075015b004e95d575a95106dfd6e1d859e9e1a62172d7e277f16a;10001103;AC Store;G2
ab32425ce00f8a5776dfbec7c376b369438ab59491d058f9de528ebaed96201c;10004255;Bendix Store;G1
4f227d04ac69c634f7d83ddfe205ce7d4b937da7607f5bff3e078372d6aaa182;10010832;?change Store;G2
8f010c46f854e4518dfc9920015547dd94643d6213528e5d42028ce046bb14d2;10025737;Userland Maxistore;G2
562c010c1c666888ac8b20f70bdd3af5f276a3bc2250e49fc063d929ce31b079;10025791;Valley Market;G2
a28ad355b98425c7cd2285f8594f82a87406f6d753bbd71613fd55524132e447;10027348;Zephyr Shop;G2
2a77b709c7435e92a1f52a23907fa3cb1efe5fdbbed479ebb548cf1871de9908;10000460;Meals Market;G2
d337afc499738a46d408d3681757c5112bfcb131e0a683de3c69e1241824ec78;10011089;Embedded Supermarket;G3
ce9f10e74c0faf8da0e6546b5e9d022259e3dc628f1d30f54e0a2d87f7458917;10025583;United Market;G2
75ee2c554244b5d89d8cb869bf0c38f708ac77c432d055ad576e1f7148366b3b;10027370;Zeroo Gigastore;G1
023aa04cd8ce326286740af4c7eb91f7ccb941017dc9491344185761249a0467;10005099;BF Supermarket;G2
c727767b97a87111ee3707698966b5c2822b9f14e2a08a870ec618a5710d0515;10025033;Tally Store;G2
56a2de4bed28da222797464e35db0d27fd88df030cd6e828a8e059bafd335295;10013871;Grove Supermarket;G2
83da1bf1665935592ca18ba9aa19e98e01666e6c5e968429570536b04c99a643;10016807;Ibis Shop;G2
bd28e31e453d62a6e2cc02a09d34a246d8e847a53ba76b3c0047573e9c26a444;10005810;Big Shop;G1
f25d3947ccb45c2b691a8304c60c0cab9f1a267a62c8d9f53f37e45d8c118ac5;10011600;FCS Shop;G2
3a01ee2c3e110d789faf2263b813c21911facc2ee1b3477f87a3fb74f63e68ca;10009676;Pereras;G2
6e231078e9a21fecd3f392e237dbf5436f06d5462d7b33b5b39c9fee4679ca1d;10019066;KENROB Megaplace;G2
35f3e88bc1743a35916a395cf3fb98db8a2e6a9a2af169ccd06691347387456d;10025051;Taos Supermarket;G2
c3ae2cf46dc233d30c10ce622d06e7de600d5049618e311e01ff81a3d0101810;10011521;Farr Market;G2
db1566de445c0a8fe6cd92f76f422077ef192aef46cc0dfe9c0866a31f72ab74;10024248;Sifton Supermarket;G2
cfa43ba5ac87e2de0ba5f6611976b42865553ca33c1e72540e7771f2549a6188;10026336;WBM Store;G2
