SK_Tempo;DateKey;Dia;Mes;MesNumero;Ano
b4809d6dad3dad6d57cfb42a532315700e5d080545af1e5fae28d87828e631a1;2018-12-08;8;December;12;2018
d896c44a96151a0db96e0225c53ba12d93cc194a64255b87947abc9705f5fd14;2017-01-25;25;January;1;2017
5ec121a7ae20ba9a91b2817668c82f3d73a65cb1ab8153387d1616af9dcf8f6d;2017-06-14;14;June;6;2017
889a32178a60957e6ec3e89068aded4a10f036365a8b55e1f51b0338013629e3;2017-09-27;27;September;9;2017
e6343f12cbea834447522db7ce9a79dfc46d4c1c63678fbef6144951942ca4d5;2017-11-01;1;November;11;2017
bc38600101dfef14d56ac58488accaab6bd01d66615446736ba53a0ba3f20dbe;2017-04-17;17;April;4;2017
870efd502b42e428d87034804f4e5274cf9d40843ae0ca0b1c2347e4dbc5f846;2017-05-04;4;May;5;2017
4645eb70bf41487573eee744ee3758a223872c9281de258c8485fa739a942b5f;2017-05-17;17;May;5;2017
a9327f470921d8519db6de3a1aa703edb4ed7abcd098e505895bab707da6c694;2018-03-11;11;March;3;2018
2281002a3d604dbf38a09bffadee30d721f3e5d462b796f085b773fe9a2effb3;2018-03-25;25;March;3;2018
2b144ae118d73fb983d2fcba96db0e26bff3702e4c54090b2b4a73a715e52f91;2018-05-25;25;May;5;2018
4109ccbf8c93a4895ac803a2161f6c009574f0deb6728e441eccff865b09c175;2018-01-09;9;January;1;2018
b5ec0d97cdb8aae4076e59cf3ab4a3d982919cfde9867be5019483518411a0e4;2018-11-29;29;November;11;2018
01b608b6e653d13a5e7caffa647ef246044c58470e96968e1bace6df606cd127;2018-06-01;1;June;6;2018
d6cf7fca7a84f7445f300c03b7bb7358c125b1dd4a5e052159ff78b47c8163a0;2017-12-31;31;December;12;2017
72a2fac934fe52c12519d6c029fd52ed0e2a1f0033b30363323adf7efbce0d67;2018-04-22;22;April;4;2018
eebd1a7bec4361d6ef397308bafbf4a37b89545b9b7c326fcfd7c2f76a00f727;2019-03-11;11;March;3;2019
eb1f13066a15c8b11bb63dda0ada7b49ad2db3bff1228abfac9e8dcafab9e75b;2019-01-04;4;January;1;2019
d1d7c819a48ba6ad28acf424952b674c1135ff4efe37c78cb9480bea15d80d81;2018-08-20;20;August;8;2018
fe63bcbdd0e5f5bc64921da279952839109b3339df89c142b089dd4599eff529;2017-02-21;21;February;2;2017
b93713ec430210075e24dd0341b0b86cf105ed354ecce315446091da1eae7838;2018-11-02;2;November;11;2018
18bae5f97145bd122c2579f9f2de7a75bdc3102ea0bd65eae9117fb3b8633675;2019-03-18;18;March;3;2019
92422cb96f6494bbd4f87431d7b86d4528fbbedaf2a0ad8bc89b83b5d4bc4a35;2017-01-23;23;January;1;2017
2af5fca76c33a31464a4c77e34121c9ff79b41ed0df7d4fb0ef2f775de006d9c;2019-01-21;21;January;1;2019
cb7c1258084e3b777324cdcd8664c34596e88c021d1d386493c68674d5214eb5;2018-04-30;30;April;4;2018
6ff3c0170efcc3d6880b3d5afce34e29f47a28ba5771195bd80ecc166e204d6f;2018-09-21;21;September;9;2018
160a22526b6522455097d3f45166624f310294918bdd402c4dea6be6c67066d9;2017-11-10;10;November;11;2017
fc0b155f86d67816e7be24aec300c8cbc2d5faa07e983119b996eab105d6afda;2018-03-12;12;March;3;2018
be9ce993f1380e5a05fe3dc41e89ff99b4618ae7615a398deb2a6fcc590c20b5;2018-12-01;1;December;12;2018
c927ae9a9da39961037cc5dc517acaa1dfb2f7a43efc9f0222b31756a41f2f85;2018-06-25;25;June;6;2018
c7c85c7ff44c10ab94126a80e0581579609e4bba977d4164c7ceab8fa3efca9e;2018-07-19;19;July;7;2018
88d2c0cef9ea6b42f189ec9f219761f7ab99e88415af233f994d36736666ef71;2018-04-23;23;April;4;2018
904239c4dcc5fb595ff08a749b57c0190ba712d02e15bbb65d924c902b44d9e9;2019-02-10;10;February;2;2019
caec889337f2f71164c12371582d6ab45412a62b52f49024f87654290aafc1c7;2017-11-07;7;November;11;2017
2cb3f3a996f90fafa137e87a1e56f0ee5aa260262880391eb00306ec34ca57bc;2018-06-11;11;June;6;2018
00bff8afcea9f2b3fdebab2015231372c248f3a7de1e4c068e0ed966ce51a78c;2019-03-14;14;March;3;2019
a21eb0c6ee7ab18b7f458614495098656ce713cb5ce7a00b2bf8f6919326dc2f;2018-01-03;3;January;1;2018
51756c77cc1488103f2835f25b95f8b6b502dfee240c61d536945412146ae86a;2018-03-26;26;March;3;2018
fc5c98270a4d3cdb4c21993e89a0a2fda0d0983fac3e828787e389805260cba3;2018-01-06;6;January;1;2018
8eb782905a89b2d0a755f7c2ab94d362004916f3f8b1fa99dcc2c299ec1c5d9c;2017-08-17;17;August;8;2017
da6c28b4f7b434d9725ebaab143b006ffc7c0949f672c77efce028bdd5ef9d64;2018-07-30;30;July;7;2018
c4a24e03112e3cdc0cd958dc403cc0b608af661fae5dfb36c82bebb4f5645464;2018-09-28;28;September;9;2018
7da95ad818e4c55dfd8d59bc81fdb5ffe56ebd2d21ba794bb4ec1b6bd9a3495f;2017-12-21;21;December;12;2017
59c5841bb32da71436a99efdf01c80bce23b7f718353a2c0edfd2981bde0292b;2018-07-21;21;July;7;2018
de1de5dd0ac64fecf8b2546e13e10f37663cf7f64986f89276d679259d5bb36a;2018-07-27;27;July;7;2018
44e7c8da6a1c22acc36d1deaf343bbffc71d88317ed375c39c0cfc2d4363651d;2017-04-05;5;April;4;2017
e23910c758c3cf97d78419e6b4292e28cf0628cf6b092f53aad51e419e93e3c0;2018-01-14;14;January;1;2018
9bcd6a520e981dffc19bea2333433fbb0072bee5af5a13e9d0983b7228c3cf38;2018-07-14;14;July;7;2018
464405df841d5f44d037b48d218a122210bf4ae492186a19e36a3e24cc31cfcf;2018-10-14;14;October;10;2018
630fe7a0251bee957ab0566dac6070cc4bf0e859d1e499ebf08f01d2f07940be;2018-09-20;20;September;9;2018
ea7d3c73600f32e4dc0f21a41dde2e68ed977191218dcb5243ee6e99184ca0b9;2017-12-18;18;December;12;2017
27d6e0cc9b325f08c8ae73328b1f71ed9fcd056c1acb1bd2910e24eb2c680f2b;2018-02-16;16;February;2;2018
17bf82ead7fdb2a314390c13ec4479d9921ed1b40055f4b01444c4c96ab597e5;2018-09-07;7;September;9;2018
d1875e27c184e99d546f12c0b779597addb089e9b9d4caeb40c7d10ab218ac1c;2018-07-05;5;July;7;2018
af86e723de3b2bc2871da1a0a1600880b54670c55c09fd49c380fd4174cca501;2017-02-23;23;February;2;2017
26df25babd595cbecd03aeadba87ba175aee03b6c2de04014c74a17cf3ec443c;2018-02-09;9;February;2;2018
686e8946f0e2c2585d43ac401a79c326d978db4839421bd4b660fab37833c4dd;2017-01-09;9;January;1;2017
a737e355f224b6022f8ab72439e2126ae6a8fa95e1c544e23c2d9d9a58e9e45f;2018-11-04;4;November;11;2018
6a5e1f34088393d8bec21b416c309eb939b4ece900ce5736be638261ea0c2df5;2018-12-31;31;December;12;2018
373482b6979ea338d42c59b407d821e7847159ac3d7567c1ddf8d1c984d2ce4a;2017-04-04;4;April;4;2017
b0a98c825a7b052939bc677950a61a13c846b5a5f7b2654fdad4b00ccf20e3a8;2017-11-06;6;November;11;2017
4c07e379df00c1a08296f5dae77a717a9911669a58b64106174eb489842ddb37;2017-12-15;15;December;12;2017
f6b20cc2daa58cc2307fd79c96968b330c48c624162a24a01b434979998bdba8;2018-08-25;25;August;8;2018
3089bec287dc4a64749ed46015ab2c3f94b25996ce8570a96e4b14ea7e0e64d5;2018-02-20;20;February;2;2018
e9ef603bf8b1e8115f37507f7b12ac5c8e8a066502c6cec7a9f42b9473b367f5;2019-02-11;11;February;2;2019
da6c7e0ae9970facd68e6f3a528a62383e7714a94b93ec96b66df8f0b0a81828;2018-01-15;15;January;1;2018
6295d217ca926461d54792ad5e46b2cc17641c63b2cb1c249e37e67bdfa88329;2017-02-27;27;February;2;2017
4f3ff8c857ff1291b3245a977b4c60614432561b57932543f13197fc97de3320;2017-10-27;27;October;10;2017
5b8f7e2c722ed06d7bac1f7b5331aabfe9983d82926b20826911763d786815ab;2017-12-22;22;December;12;2017
385d2b0451c09e510bb98dffe3c51cad2443290bf61b6973be7c359b1353c9ee;2019-01-26;26;January;1;2019
da203c81f7c1bd911dc151a25ebb1c7a700be2e4f750a7f8af00fd884f46e018;2019-03-08;8;March;3;2019
61cbbb54737a1c8e4b6e8bf7132cb88cf55222d557ae9594e88a34699de2e50f;2018-10-05;5;October;10;2018
31d993a40f46a1c44a93746b08cffef0c41f8d3cb330c89bb3ff653f39de5d5f;2019-01-19;19;January;1;2019
b29f469115f494fa17528b6f584ab7ba13609067985bea191819cedf6ed79459;2017-03-21;21;March;3;2017
927dc447e740a36300158ae99f907a36e5cf9e25a3a33504cc04df2bcbf1bf74;2018-04-21;21;April;4;2018
4a38bbcc073e6490dd1fc664ad01602635ea8e91c1582dc4cc9fd398f5f3af14;2017-05-11;11;May;5;2017
8071f4e80960effca746968e174d938f1361bcd93f141d24948fa4a849dfa0fb;2017-07-10;10;July;7;2017
94bcd0cd6e185d9fc04d4679193aef0027d7df3e096e2e95c8fe4ee0a76a42c6;2017-06-09;9;June;6;2017
0c8706057c5f5b46edf3d3953b799c6c2305b58704c21b047df514a0551d8bd8;2017-12-28;28;December;12;2017
c63823bd4761d9a13b282c7eb4c8e1c756ea548c2da71b904b3d4332e11ac807;2018-04-29;29;April;4;2018
9e185b72d34df751f46fd589898ade4f190e43923d134499e57824044fdf9e77;2018-03-18;18;March;3;2018
754f88455035a8f542bd7470b9da93f2e35631de6e0d052e453770e24919ce9b;2018-05-31;31;May;5;2018
21ffe8c43cc1ae4f582b1da1d2f58ea791e85ceb59aa091ee7849e2b98d150d9;2018-10-15;15;October;10;2018
35dd2aa447494a3e7881d433d0348b2c75321d8e3bcc8e211f0d99ebd449367f;2017-12-13;13;December;12;2017
6c64a45bd161ebe4c7dfde37ce9f7297aaaccc4671b5e8e04bb02dfb84100fbf;2017-09-25;25;September;9;2017
a7ed82cda5c7b4577bfa5d406b037c74ad8ade5e3c432f6391882cf0dcae5ecd;2019-01-11;11;January;1;2019
2b0847106576926f15876fc84eb45cd37086336957e4f83f63caba95b4128e83;2018-11-30;30;November;11;2018
bdc11f493999e9e07ce46dd2a9bc68d9b3719298fac5230ae64e7344dd9a3481;2018-06-05;5;June;6;2018
305ce59afa06603ae153e80e5dd1f0dc5b7f12adfb65879a97b8cfbb50ec99d3;2017-10-12;12;October;10;2017
a2ecaa5d74e341c18a67945302d9d575cd6738bc3030ecb5d1de5a866dc1f895;2017-09-22;22;September;9;2017
8d43733fc040fdb67f77be9fe7df1f96fc972e09d8d0e6487445385e6b26cefa;2018-11-15;15;November;11;2018
24bc09a89f755573fea66cc2000252c31b7ed363d3151582db5bee364fa037d7;2019-01-15;15;January;1;2019
ec93254de0a3bd2be6bb4dd44e013d64d8797483c9c9c899ce31eb0786598b60;2017-05-09;9;May;5;2017
04096b6d7d667c2a07963678f842a511c78b2d47fcb9857a5dcf23c0ce49d256;2018-03-10;10;March;3;2018
f96efae616b784228cf6bfb0a6f6d90e17693b5fd2d08be32159d0ba43cb3117;2017-02-20;20;February;2;2017
ac2c2868fc4937962ae76a71abc834d9c1f4a1e4e10c4b4851692c55fe8d3168;2017-07-21;21;July;7;2017
af6729aa48f3cdf52a22bef24b07f28e23033877938f243707a88f6c16ca3a42;2018-08-05;5;August;8;2018
bed2521264f79981264186e20f9fca88fc028d7eccbf317f27181ba5dd009d2f;2018-10-13;13;October;10;2018
68c9f74eace25929568dcee6a8b758570ab6f21e303792efccda5a204d7f69b1;2018-10-01;1;October;10;2018
c1b16a7775e835161cc974ec4f85fbd3c35c209751eae44b846e4e2ca25d45e5;2018-08-06;6;August;8;2018
3a8f84860fb85f40babce53fa72f4e4d4a8c9fd1fee06ad5061b654f2a64729c;2018-07-15;15;July;7;2018
a5113d172518cf586abf279ab68e464b0696d662256e0ee5d80baa835fbbc562;2017-08-24;24;August;8;2017
a314e6df5a531b0f714bacc75c1bb5f1efed8aa629452a9d6733e47d98c12ad4;2019-02-12;12;February;2;2019
c94cf941e7ce929db62528ca5480851b28a48a8ad57b227947a8be603424f5ed;2018-11-22;22;November;11;2018
35837392fddcc5620df1d916f613830f68fd39b8abec1a3a054eda5c6c91e87f;2017-03-06;6;March;3;2017
d0de3f4ef44f00edffa7ad98a23c7b2d24174428e1517dda88192952cde98ccb;2017-04-26;26;April;4;2017
0af6076d61ddb282e35118970bdf9d415a734c2c8f5235e3aa15ca750256d582;2018-09-01;1;September;9;2018
88a36d58cfb81baf574267fdace66edc229be6cb547b799bcb1e696347eec141;2018-05-10;10;May;5;2018
dbde62ed975d9a716678ca596eec3a7746a32199b3513673e640c457e8f465f0;2018-09-14;14;September;9;2018
40ac4b1c181e89a4b048ce9ba3b4588d6d8679d518e604732b931903be74ab67;2018-01-26;26;January;1;2018
5ff6fa12d84d8675d3e1e2bdb21d1a44deeaf2374f2a5142023f905d712c57bb;2019-01-14;14;January;1;2019
0fca237a3dc8860f47c3b82f692200f86c0a8222c9ec83a703e225e67f4fe52a;2017-10-03;3;October;10;2017
4840ea9c04d1aae9e2d80c4e57a65e2837bdb155c056fc4dbc73d2458c73defa;2018-11-12;12;November;11;2018
c33e6943bb2b3b397cd35d9ea9291de3cd79c2c7838934536a4c9a051154aab4;2018-10-12;12;October;10;2018
fc5ca8bdff92f606471e36390564a98eaa392d101a494672b7e84ef6b4f3d863;2018-12-20;20;December;12;2018
0ba1c64e5ce806bc2bd1a3a99945afc0149963fc9dfa41f4abd176cfbc3695ef;2017-03-15;15;March;3;2017
7ccbeb39ce0929d93bef54f496bf6a55d8580b27cd4335e7f1641418cdb17881;2017-11-17;17;November;11;2017
1e399a0fb711778c7dddb742d54d1b2663146759812ef8b218cb1d5db701e785;2018-12-16;16;December;12;2018
93e5365af0ac6eca666907ba4b98b891a9df04e437d907c604fd9551c295000f;2018-08-13;13;August;8;2018
5bd78684032047cf7cb2b7dd19a6ea6b2f9951c485be981f2daad7db05f255a5;2017-07-25;25;July;7;2017
239692c957c3b048f93b12d6fd0b4c974aaa455018d29ce7689487be52a0b305;2019-02-01;1;February;2;2019
e04e46422cce538856473bc2ebf151f525a83699252f11f32898a863cb8b231c;2018-08-16;16;August;8;2018
aa216bcb4b80f381a071c1265673c2bd55c65c1f266d1b2e2f47f6bd240dd0b6;2018-03-05;5;March;3;2018
47c586a96127ae0b8d973613bf0101453997c65346fa9a390f871961ae3976ca;2019-02-16;16;February;2;2019
664042add8401e14edbada60292a84bd68f95ba8f704f5665ec1af0829558dac;2017-11-22;22;November;11;2017
86836a6fdf6e36a8ef84ec21bdcf97326bee627f17afafe219baa8ba78ee8ed9;2017-06-26;26;June;6;2017
52991ff924cc1097c04b78224b1f36f07cc54b07ba56111e80045e8995825714;2018-04-08;8;April;4;2018
3fb3d5001c7b5bb90a3ca5c3c521fdfedce192b8ea8027861fd220ae6fd21047;2018-10-04;4;October;10;2018
ce9f392c301c74cfb652f04cf369a801df5d09564925bb454775b48c15b7c895;2018-02-04;4;February;2;2018
8eb6f7125e9657e09829b3f564056159a7bafc11ce5390e6e3681aa6e6efa783;2019-03-10;10;March;3;2019
ca887af9b219eea19f9df9ef40e19b0c530c012756f4eabb862b44b768c8771a;2018-07-12;12;July;7;2018
01b7edb36a862b5e526b00d2c7649806b92b6794ee75510f037d916d2db3a138;2018-02-05;5;February;2;2018
af7d4337ba814fdd6114819dfd679f8ed963d441a0590675627a493a5724ce93;2017-04-19;19;April;4;2017
97cb1a1f1447cc18ddf6dd6c14d9efc899b54410f62e6a38ebb561a80a727dbb;2017-08-04;4;August;8;2017
d73a442500168601c3976fda803597eafb1f7670316364dcc7e45c2c6e822cff;2018-02-25;25;February;2;2018
820d4af283d20b46e4ccc9b2f8b64a5ec82642a5cc3d3464845aa5ec8400cbb5;2018-10-06;6;October;10;2018
ed6fa82c4b63e2ec18892b937980953739a0f70755b9a61647d3cf0cc7b10e8e;2017-08-23;23;August;8;2017
b275adc031b05cdb4e3d59c3984bd30a07d65ecd23d34d17d77a44d8210ed40f;2017-02-02;2;February;2;2017
24146e2245f6b509d5cc285c1fde20ac77b80ca3deedf6f22deb2f59d74c14eb;2018-09-03;3;September;9;2018
03e86fd7bd7c38c2313f84a9ad4cdb67584c5f5c70173dad4bf9a553075e5821;2018-02-02;2;February;2;2018
f2b231c5905ee9338f003be307cb47d564c4862436639d4681315b6943888683;2018-06-23;23;June;6;2018
cc81ef3a529237c854292b7e0f2c58a0fdd945ccfcb51a6e66923f8af9f5d1ee;2018-01-21;21;January;1;2018
63757ad5bd32edeb4144936e1555874ace3d0d04965b611befd6c7f0e3b2e7c3;2018-07-07;7;July;7;2018
3e1cf46fb79253683e1e79511894bbc066960b41be7eb00da7b9208e1d13d96e;2017-02-28;28;February;2;2017
f190e6353242bb057cde2ac1ca86260a4429de0586cae6a56bb111880ce35c2b;2017-03-23;23;March;3;2017
f51e52cebb804d6267f75ad1e2fac0e9f356240615d2bc354810928e2e6e2f60;2017-09-19;19;September;9;2017
617a2a32abbdea50ece3989f7e43cf3686dfe1c286667d668301e4609bcdc17c;2017-04-20;20;April;4;2017
a558b8117c86f3adcd6a435ebaf3a0c686ddc7f180a280282c3c4cc792da77ea;2018-10-20;20;October;10;2018
de7d3e8ee4d0c671620bacb1a9cde219c3dd8ec59457bce60439ac3e56902c6e;2018-11-25;25;November;11;2018
f2b93d8b5d583fc5274cb64cc878d044d129642ed18a496bfc726b026355a067;2018-11-01;1;November;11;2018
29227abd2facc4673a3fb9849e80ae946d7195a371c5dbe1c1966a191074ce0c;2018-10-22;22;October;10;2018
db11a560e461518b587baa7f2511ce3831dc8528f1fff16e2e0636df7d13d16f;2017-10-17;17;October;10;2017
1cfe72d1fad184fa40568ced610f948b46a9c460343c3ba7651c4b94c81afc41;2019-02-15;15;February;2;2019
fb07bd0d90b947d7223eb7bf79b98c1196d6e3331ce7eb189d6f25b8e0775b06;2017-11-23;23;November;11;2017
cd75ec2cb9604132e0710c9ed0459568834bc53b7a1ef89aa6705d48ac9d5db8;2018-10-08;8;October;10;2018
887ebcbcbe022141848662df3053ed82d51e48fd9fd712a7312c3427f3f9cb73;2017-05-26;26;May;5;2017
91cf8e1c992a8832ab20ba97cfc744b6660d7e0195bc21f8902eb357b66994ba;2017-11-20;20;November;11;2017
29cc9421b62b4b11e89fc69c5332baa82bf0c8966970398b04680598a9f0fa7d;2018-06-21;21;June;6;2018
5e6100004a24be17011b1d6785796b4e71c6470ef48cda000972a0a689f3f750;2017-03-28;28;March;3;2017
dc83f8b7a0ac5abde42b9dd4741cfc3079fe69e4847e3d8ab47fd0ff2cece6e2;2017-03-17;17;March;3;2017
74549b41f8c2231718d11f0c1f7f09331fb32db21b86fc331b2c3f153100724f;2018-09-30;30;September;9;2018
11baae6e65e0a076d10a63749493b942b737fb9e52fc75cd5790fc0e1b0843a8;2017-04-28;28;April;4;2017
b86f848729796c91e66b51a7187dc783049b2a21b420d27b2ee35bf376585f08;2018-03-19;19;March;3;2018
b5e3b353b6c78adacae3df60aaee3476f526b0de141b1f7d7c8b2d3b52524425;2018-12-09;9;December;12;2018
4c8b145c7c9f6a7c785b96470cef3283c89a0613e79a6ca075afa1739d02ae36;2017-05-16;16;May;5;2017
c141f6c4501a0988ce709012b4a2d3b5ea9368137f7423faa82993f35f8d2ef5;2018-06-17;17;June;6;2018
ca63b11bca57beebe14d6c059268cdc5d92184c64311fb8a3e0de4bd3f977810;2019-01-27;27;January;1;2019
1151b352f27a353394baec47c582de095bbdc55e84aed8313c51fb6ecf9f3f06;2019-02-03;3;February;2;2019
ad4d937e24f44356f92e46f9f59576dad540193787efd1e8bfdbe58af08c0190;2017-05-19;19;May;5;2017
a0486570121606266e2ea2110533a28d850b2eb1013f2a4deed35e7a2ed43a49;2018-09-23;23;September;9;2018
d4dcb007a6cfeacb24b9ffb14d1100bc972e0ca301fcfe848fc1b18d1e351718;2017-02-13;13;February;2;2017
a7e67247792b09852708b74e2fa698f454998aa79e835a65fb209a5ff12189e5;2018-08-19;19;August;8;2018
e15b6d32ab2049b287b7f401e6a50a04b562fb973ced9e0a4c59d91cd47f39c8;2017-03-03;3;March;3;2017
79c9f156f3a5f28867dac40f665658e98d03693e3bb77791c80b6b5e0ec7bde4;2018-12-21;21;December;12;2018
3c8fb867b25ef950807347cbd76dd1631ae43834fa4a285adfeef8232c6a4a0d;2018-12-02;2;December;12;2018
122c95146d121ab7abc6b70cc5a7e1a10c5ed6ecf9e2ebb5f38bcf5f52118681;2018-03-04;4;March;3;2018
5ab0b1f14f3e6f7f4e017dbf0d62b69ae184f77c6e798517511610af44265735;2017-05-25;25;May;5;2017
0b5f0618af53c99557ed16e500c716dc318882b2b357eb0c8d6c48a175860c2d;2018-03-02;2;March;3;2018
3b55cb5d8adbd5b6026dd8f0643d275032cbee005d0126faab0681e084f3b7c1;2019-02-05;5;February;2;2019
b8e6d131b30bb6544b20ea7a9b0516ffa38e920a4949250e753a580c9a5f2396;2017-06-20;20;June;6;2017
3e340bb016fc6849213fae87721a8882b137a6f472adb0230d90e0b9f5bc0ed1;2017-06-22;22;June;6;2017
756cc40dcfb18d5fdd857e3a26a77964125365dd3f0c9407841b78682aae6681;2018-01-16;16;January;1;2018
f3b9cf3b9899eb93993fe5e2b512f6332d3f6f25a530cfe643c0598d977dd0c5;2018-01-28;28;January;1;2018
126d86b79c916c62a38df003b94878694b1c1df0f6e4ace1398f99bcd69fda5b;2018-05-19;19;May;5;2018
9ad282b9931aeea8305aee05e16a640417befbe3215710427c74d468addf5eca;2017-08-11;11;August;8;2017
1b3d4073456ca14959a48f6b70e8817960fd77c20b713956973105f2f8c190c7;2017-09-12;12;September;9;2017
2dff9af2f45b251b45bf4a4f3da70dfc85bac26233753e15dbd832182a8e9ccf;2017-12-20;20;December;12;2017
509e50e62f4a08d36437ed3e5132452a61a62a62bebfe7e5932469b49d3ae2ca;2018-12-10;10;December;12;2018
d688cd925715983523bbda13f95533a54c18e91386f62176a8fb95a47707288f;2018-04-27;27;April;4;2018
7f2186f758cd3bb28f66c404f76c55da283ae1a4856791e7b165d83bd17f9707;2018-05-21;21;May;5;2018
f881b699ddc016c3c43e3714929abc5396b94aa6fafef4c96377d563ab022ae5;2017-06-12;12;June;6;2017
525e6a3ae7387594520b88259236f4480d6aa739f8786142e7c2e89d0eebb6f1;2017-02-19;19;February;2;2017
db303c3034c2a558deac0f4097c7c47de321cfe6247579b02ea585a4f601e293;2017-04-27;27;April;4;2017
dcf5d4ac0760b1a85b1ad8320ece686b93fabfe71fb545a9685630b4c133ea32;2017-05-23;23;May;5;2017
d6d2c3f2bef7f8cae32c4caa72cc532ae4669334eb96d899e995369d17c12c59;2017-07-19;19;July;7;2017
eaf8dcbdd288ab34aaf2b0cfbdd442e58f610660c9e77fa4c5c9f2c1923ee371;2017-11-03;3;November;11;2017
2bc9df1df5ccffbcb52ef2f643ee913eae52dfaf6e68ebe914df078304fb795e;2017-11-21;21;November;11;2017
deb05cbf4270eea4569ba1c1246e489801ec6b4e34b8862e9a21f0452d1e89fd;2017-07-01;1;July;7;2017
a474c24db4177398588fad215d8be974306ab4930e0652093c8a511b8bb2cb3f;2018-01-01;1;January;1;2018
7112eb5734e30ae03925ed36d0988d420324d3dd54533e1ceebec2e52f6868bd;2017-10-31;31;October;10;2017
a451d305f7d99cf1d1310ad1c6fecb6c78016995309ef32a8c1fb6ca204ab04b;2017-09-14;14;September;9;2017
8dbec1b7c0ff40e66d3e295d55b5b065e0d47872354a1f809981b10cb869ec40;2017-04-12;12;April;4;2017
780a2e6506440531ec027d7ea03bffefd5329bf6c7f6aa40fc4eb82f39e2147f;2017-09-28;28;September;9;2017
38fb6314e5a24c89e263d0e2922fd68ebdc4525d10752d3f0715694a3d63def0;2017-10-18;18;October;10;2017
e383b39121f4c477fad239af5febd2787a2ee54cb9d6358920b4068b95f21106;2018-04-16;16;April;4;2018
38ea450db63b414da3284685602a789f0e0dd57e30c84dab74b4d56e31dac97c;2017-01-19;19;January;1;2017
b46d5be1ac5c89ba2b1dc5f0a00c562f68344908ac1cbe3dbcf07aafbf1808dc;2018-07-16;16;July;7;2018
25b3a9685246fbc64ebd2f6f01b277d2a2600aa270faacb9a9620c5c07e94cb5;2017-02-06;6;February;2;2017
38301d0841aa36a07be83b408931a14ff4b28bcbd7bbe75e271c262bea99c9ce;2019-02-02;2;February;2;2019
1341e3bfdd0afca1a897d1a11b026272453f45105e64053d4717247cb61c908d;2017-05-05;5;May;5;2017
e2d6b6459babedb59053dd9bc50520d48da964ddf4e4d604f7e9fb2a3dbb2273;2018-01-19;19;January;1;2018
cc3c89d2163b283fcfd50118e6119ea7092f07d21796602258fc688e7c01ea62;2017-09-26;26;September;9;2017
4a6d0e0dc1c66c6e19a8a524e0ef87244e211a424b3d8cd703ebd69c110e47cc;2017-07-24;24;July;7;2017
ae71635b355c1778ed6650497d6671a9c4a41b5b12bbcabd5b7523d8046bb1d3;2017-12-29;29;December;12;2017
a2b32667ed0ab66e104a37a0f84496be2072cee581a1f311397c97638fc60faf;2018-01-23;23;January;1;2018
68622a25cfee234d2e2c46f7675015371fd89f79263bb9d57f493c23bd3ea8e3;2017-04-24;24;April;4;2017
3e9239182023b2b6822afdc468e09e58a9830d2cbf4f4132d26d1324f9d39a1b;2017-10-24;24;October;10;2017
0353f4a03de0a67d740e22d1dd309338c87f301c6abbe91cc7f02c4c298a2e65;2018-10-18;18;October;10;2018
9d36da734eb3623d811da9d82d426665d5a1807b92111a66189603e5f9a2d2d5;2017-11-02;2;November;11;2017
8ca57c7272558bc6c2b80c5acd888d8c559745edc49e30359810236d3a3a5710;2017-11-28;28;November;11;2017
90c1fef37fac9204edcad85d3d0445d9d6f9268acc6cf404cdf5e8844bbcfff6;2017-04-18;18;April;4;2017
5bfb67cdc3ca331ddbcaf54c0b65716618906fe96ef0b25ca30aae1748ee4163;2017-07-27;27;July;7;2017
4bb9a165c4a6d89ebda76974279cba63c9f15e4fedd238e6b0edf12092e0eb2a;2018-03-16;16;March;3;2018
b9c0c455573f52d11da1d559ecfc9ac45f4d6b83902105f713757c869dddd933;2018-05-12;12;May;5;2018
c54ffe9fd927bb12584d00f818c7dfda5f4d19e556b898e2f34f700add332468;2018-03-30;30;March;3;2018
afd404d73b58699de8589eae4d04564adf52c945623c50166ec6d482d9794aed;2018-06-22;22;June;6;2018
131d6f90d86f7347c029d84bc5519b8590ed994e38a833ebb643f9f74d893a1c;2017-08-29;29;August;8;2017
58ce595da30d6c305043079a684a563f018cfc9cf9536a2764d42d004fef7292;2018-11-09;9;November;11;2018
3d7e60dfbc84e38f41e3e86ec5fcda490eba5dea898e067cefd03dee5f08019c;2017-10-11;11;October;10;2017
0edf02b3de6386f0fd8b60d94264c4f767fd72bc0a91eed4006641ef91dc93c0;2017-11-14;14;November;11;2017
a1aecf5ab7717083ee18c8dd546b2de85a5fd8e9a6d2f1daa8f6a32ffae3fb86;2018-08-09;9;August;8;2018
a3248663cd1b54724d2fd7dc406d068debb8c7ce81e92b605e03f6b65e574017;2018-10-26;26;October;10;2018
1dd968d8a21f15ae8a04f93740457da2ded55ab1f23a5456a928ce72fb38924a;2018-12-14;14;December;12;2018
0d6765d686098fc9153afd552a2a60f9044da18360bb8b04ff54700ed7468ed8;2017-05-18;18;May;5;2017
6a9af2d384d6bce3ba1143d3ee951590667447609d70570418d8815c32fccaba;2018-04-13;13;April;4;2018
4dd911e738a8a272d8d1ff6650dab8ec76e57c7c4bba5a164773b10056f1030c;2017-06-28;28;June;6;2017
20879c7d9468524adcf7d992524e18088596501b83405a9f687d4da2c8b2ec99;2017-10-20;20;October;10;2017
991be35418dd509058382ba385297d8f07c33bc86263f659bbd960964b79594a;2019-03-16;16;March;3;2019
c7ebb07c07a86d56f5c8f62d878d1663fa64699a8da6ff8c2e099e3dca5ab7ee;2017-02-08;8;February;2;2017
cb14f7ecba2fd6e14dd96aa47efa1d9a07da24f6f8414d224eeb5017feb6d5ad;2017-07-26;26;July;7;2017
fed88d3cc65088a6f82a4f11fb8aeadcbadea6f34df02903a6decd04b854f3d0;2017-01-29;29;January;1;2017
79232fbf8536f97aa532331af0e8de93ed19b3d49a0c0719deaec6046e0c3f62;2017-02-15;15;February;2;2017
9bc9603f2fc0a9626cdf5105c9586f1d44b71fec5cfa04d317d2013045f7122e;2018-01-12;12;January;1;2018
87f3b6d768bfbd495a8286f6d05d6e1312f5ebd7ccbf733412cd996f22f21ef8;2018-08-23;23;August;8;2018
b317610d2b174b4263755bf337f2960074756b8f1ba5ae64b7e530933b17dd84;2018-12-29;29;December;12;2018
6934abbf9b1295510332236fbc6217ad4100e325db9d6234adb2160ed433603c;2017-06-06;6;June;6;2017
f350bc47da889085e1039404e81a898f1b1e10640c371c7dbd33c72a87fcea21;2019-01-07;7;January;1;2019
03a76e2d5cc025e48e4ef4541a0315472baaba9a008da2f659d0c6a0f0ffdf38;2018-06-03;3;June;6;2018
8828629691dc2dfe3a1967be9fb9fa66b8a00049d11dadc054f231627ca8c839;2018-02-06;6;February;2;2018
aa7a23e0a75b0369728bb843f8d0f20dc0e99ec741b8178958b8a1fce8bf6e18;2018-05-05;5;May;5;2018
a6f32e74c9c9299d96a7128aaa3defc59f7bbebf4604fa1c97b93450d55b9069;2019-03-01;1;March;3;2019
7fb57a21117343ed800a5cf60381d81e2b1028bb4f274f7c8268c0296f7a12c2;2018-09-29;29;September;9;2018
9ec417d64601c126901446913a6975d6625c2f8ae58a2634cc459258ba77d46d;2019-01-18;18;January;1;2019
e68d9f773f723328c453198d3e4f790b2878b4727b8af6d21f03bb968b7e1746;2017-01-10;10;January;1;2017
f8ff08f7273dd829e1a53fbaba227f915bda865bda267c41a57a26b837e4d3b2;2018-04-20;20;April;4;2018
cbd33ee61496b9f1c7eba6ec7856c532d0cda6a4fa400c8fc8900263d355aabb;2018-08-12;12;August;8;2018
36abd2c72227c36adc9afa04bbe368da8f470b46c9e1f870ae41d484d4bfa93f;2018-05-14;14;May;5;2018
690ccccdb9140068af1b3ae4e1fde526970397a9db1bac6871a06a35a5d7dac6;2019-03-07;7;March;3;2019
a5f682af4e90d3dea1741b2de072f983426c5eeca2a42f6cabbd5f3c46329b30;2018-01-02;2;January;1;2018
0692f0943a6a5acd538952e917d982567398786c5d1a05ff3c3f2ea55aa98278;2018-03-03;3;March;3;2018
953e568b1fb616ac19c5c56e0a859cd7c5e54aa6b8a49ab1699fed971fceffd4;2018-09-06;6;September;9;2018
c15b9f1e89309648a24a1a80c7c3d0252db0d73cfbd0b74c21b8b41f6c0f789a;2019-02-23;23;February;2;2019
55a18273c7e2776f687d50f3263d35bfdf2450b64a7ed02a31fecdbc4106f911;2017-12-12;12;December;12;2017
a2dc2270dd625981697e19aa59879bea02c28b24c3076bb086e202b36796b19e;2018-04-15;15;April;4;2018
a80d1d4dca1ae74bf8aaf5c15a733ade76adb35233cca4af00670a87fdba1476;2018-01-04;4;January;1;2018
6c75970a00482268ca38b738286dfa1ed3035cfd17c571e8d4e366343d72c7cf;2017-06-23;23;June;6;2017
84b9316c8182b5c89f686895c08a9ce8c795c4e74a108715e09df416eee9b059;2017-08-10;10;August;8;2017
de553c7c9a12ce7b673be6c28145f266c204583e753a1fffd1bd5ad5a6a967b4;2019-01-25;25;January;1;2019
2604af81a17fa4506cf64c5fe3ff0bf67f8a8608dd24adfb47ac623ca3494f16;2018-03-24;24;March;3;2018
3b78693f6e6821b569b2a1a2584e9c12da1b3cf1201cb235c454ce69e3d47323;2017-07-11;11;July;7;2017
497b69406e6c3f2263fde7d6b190e4b45ba97f0c26e73b87cd21f0117da80394;2018-10-11;11;October;10;2018
03d134059346b180e7b96a060f1fb500e11334ddbc18902a3810796213c048bc;2018-12-23;23;December;12;2018
f2af46228efefd69c7244e2604e71e21f531d976c9d1eb48c36369059b028597;2019-02-25;25;February;2;2019
0197dacc3b88d84f5ef156b75c8d47550176f9e35490c5b362d43188128d0c1a;2017-06-13;13;June;6;2017
b1f7c6bca242b9d9103a7c8a47d791a96c68b9b02a95d59f36b0fe667565da21;2018-08-27;27;August;8;2018
900b41bdf8c962ec1070e3cab71345538439e5f29cf890a17c787f2971953a37;2017-01-22;22;January;1;2017
b18011e4f72f9ae32b476cfdd8644265514028b26fe436422639af9268faf5aa;2018-07-08;8;July;7;2018
562ebe46273fdb10990b53253ac08b6077f0bcd8e22b31853ed78c96e2304daa;2018-02-24;24;February;2;2018
fb61c87bbb79c88292c00953b582e16f93ccb8ff27e3af3d0505e0f250099e32;2017-02-16;16;February;2;2017
3651fde3d6897ed67fae69b1b5955889269030eebd6ba4d1bd81ac79952e0f40;2018-04-07;7;April;4;2018
5f43f164ed092cd7a61b7996623d00d6176bb3dd6373da952026f362a39edd62;2019-01-05;5;January;1;2019
7bab1d53a6890ea83feffe4fc5690eb602fda4142e53d10be75084de2e39f70c;2018-10-25;25;October;10;2018
71456a6038472d50e9c7a0b87f5f7810bafe60389e7f5dcf7a1c7d5cdf64e699;2017-10-30;30;October;10;2017
3214152aa3009241550258cf137297e1e5f62b12ac45aa59dc2dd1f09cae73b9;2018-08-04;4;August;8;2018
4db8dc8078e5087fe9ee06cb1e89620a83d6c48782d72ba973ada9c81da52266;2017-07-07;7;July;7;2017
494d73ec5a7a9e9f2732ceadee57d5069aa7acf477666b32c6a4af2ef1f62b9e;2017-12-19;19;December;12;2017
5d7cc43cd668662520d880e287ea617ddb361c862589d82223f9e1ddec498295;2018-05-18;18;May;5;2018
9d997e4250dc608fcf6d4a0f886d8c7393e5fe7f28c5c65cc6b774512f37cf64;2018-02-12;12;February;2;2018
b5fadc746f90d10efb1d1e7355eb6634e3780d7a2e8fb195b93acf20874374b4;2018-06-08;8;June;6;2018
164271dcd193de6c08d45027d9079b45f9625fedfa072cf7a3f5a0fbcdb6ac75;2017-12-26;26;December;12;2017
20b99ff397e6eaf63d3a7ea0704e06b3ba2e023784ac715f03062d330ec3f292;2018-05-04;4;May;5;2018
2fe540564fd2be5400dff99d3e9bece6b40f9004a292347648ecbdd5d222f05c;2017-01-31;31;January;1;2017
cc926f6ff9a3ed2f6018b9391f14e4103a8a55e869684b2f14826b2596fc03a4;2017-01-18;18;January;1;2017
fb387aa74d3a530e9710483633f3207569d637b95a67c374705bc437376438e1;2017-09-01;1;September;9;2017
3a8b43864fcda4723f16ad29719c0b0d96aeccf0345e0494de61f2403fa7dba7;2017-10-23;23;October;10;2017
76665c04675ea630b7fd80bd513b00c9b2787461416bb474e2dac6a6a38194ad;2018-07-28;28;July;7;2018
01d404c468f8d85d993a2372ccfb8a12d79f67c4dd49be0959915d1dafa8eddf;2019-01-28;28;January;1;2019
c2b0919fa4d33e3177652aeef960700bfb1c0b794ca36e26509b6b099f9ecf35;2018-10-29;29;October;10;2018
69345c6f00b0eef9247f597d303e4b33a8bc32ef3bb4be372e899ec2e82810cf;2018-09-22;22;September;9;2018
03af11711aa363b03cb70d36618be677c63d34f3d5c41c4ab344da71e969bfa6;2018-12-27;27;December;12;2018
5c18cfc2aa997cfc6ff3ce4868df7e9bdeccf91593233572fd3e3db0ae37f988;2017-04-21;21;April;4;2017
97de48a653a48f4d1e58ea0ec69be9aae3dbef461f9479329aedb61ea9cf3b54;2017-07-18;18;July;7;2017
64c62d261dcb5420090fcd12cd79a1f7f8d00ef33c5cb09998616ff3d16166b1;2018-11-23;23;November;11;2018
ae50028fc4d31f2d573b721b3dac8dde855d4a4cc01db90ae665c6a46ad70787;2017-07-05;5;July;7;2017
de564f48921d989258c8fbe7f132237579bb99178d1a6a64616dd2ac533e6ad5;2017-04-25;25;April;4;2017
45d6fc4148a8e6256998710e30a68c22b32a9c82d415449606809669a100c592;2017-10-26;26;October;10;2017
e16f70ab22692feddca1441a4928066ae78041c28530f7340587c3c2efbf58e9;2018-11-10;10;November;11;2018
6b14dcc1ac68d6258dfd3331795611635c7fb0651233bcd06efc390ae17853e9;2018-11-11;11;November;11;2018
b2d965e7b9c6ecfdaab45cb2dcbf25ee413ad850ae38b92a1a905292f312e5f1;2018-12-07;7;December;12;2018
21ebd6ce13918c54a8df02a91455d002e8eee57806de50dbf910f6af63c76d9f;2017-10-09;9;October;10;2017
7d9f8beaf30d50693f1c37d900baeb04a1cb4ab4e991a2f12d85dbf76580f8cc;2017-02-22;22;February;2;2017
f5b02bb2a2fe7b8d2877c13d1afa7ba5dab46f3b79e304d3ed16a11d3b765725;2017-07-03;3;July;7;2017
894ec95d559c67f3c902fb3e120dd7423c09ec8c7ff5fe7b93f6c5449f8a56cb;2018-01-07;7;January;1;2018
963b67c603a9b0f5f85540436ee90c7584ea6752639eb4fe191913a013d71cd7;2018-09-02;2;September;9;2018
30776ae73187d72658d419bf312bbc223cc819722112aa1c242d37e8f4c54af8;2017-03-02;2;March;3;2017
e16f047825a27e7e5a5d94becd63c87c1d464d8305e096c8e0ee8e7c686b197e;2018-08-26;26;August;8;2018
a54a0e5b04b541481058bf86894a18594b3ba9c2d7f3e480240a92a1c34df9af;2017-04-11;11;April;4;2017
25a7b7021b36074a2f62fc0c02a741a8b9c72515e704f496a456825e1c32bbe6;2017-05-01;1;May;5;2017
c7421196ea37fdedb567f9eb512ad4973b9b91a247c4406462089e7309bf192e;2017-08-14;14;August;8;2017
3ff352617b9d363dbca984d162686b4940e4be24f9165138392040cb79689046;2019-03-09;9;March;3;2019
8027f7b11ddbd0554692e7cb1408fca191b20fd207efbe94b52bfb58c9f5f8a3;2017-10-13;13;October;10;2017
d83f200856be9f0f8a0d0a66bd7cd1234a8ef64a0f68c5cc3fa7aaff8644b0f7;2018-06-04;4;June;6;2018
5baf0a1cc245019f065a1d153d67f7b46df07d06d06ad1200ed413e3747028f3;2018-01-20;20;January;1;2018
8f423ca04cd55ba306f5e2476737e8dae905f59bae682f3a0f3b000db6e87233;2017-07-17;17;July;7;2017
0a9765337bf54576f97b189ec4a279c9b951928812790ae26c067b8b5956d646;2019-01-13;13;January;1;2019
5ab6fb2e3608034518e0bbc5ae2c5e2f6b136a90230fcdecdf5814ce1834eb85;2017-03-09;9;March;3;2017
048eb386173516d9a737cb10efb0205290bb9adcd953975093e31fc7f5fc5c70;2018-06-15;15;June;6;2018
91213d7cc026d1564a50ede369eff97aba05dc67c298743a6ace3444d7e60fe2;2018-08-17;17;August;8;2018
1f63826275e2d06325cc7b0e35aba25bb1fb45d89efa8ff1da37a5b71f3d672f;2018-11-18;18;November;11;2018
61dd8037bc4cb4369541781fbe9965da56d34202c949a8ef25c79d415bba797f;2017-08-02;2;August;8;2017
82be7534ca71d51b25e51d85f3a83cdc5ab7fd483f3dd412de707fbe9a62b278;2019-02-17;17;February;2;2019
b88e8b5143577b11be17079d3eb6a863757e3772e9a561c32a7bf0a826fb7339;2017-06-01;1;June;6;2017
6246ae520f25824d60e396f9edc08fc16ebe6fdbe2b6968317715817816e3c43;2017-05-12;12;May;5;2017
1efaba46725b05e1d03d5f847ce84bb53476a564c44daf0b139ce1a3906fc3d1;2018-03-31;31;March;3;2018
1e04a961f5dcf65b3529d046fd423455fbceb2d5cfc6bd5a3f5789706184f8f3;2017-02-07;7;February;2;2017
b9014821742c9a883db666081c0a1b944dca20372c2405a09b5dce765aca5403;2017-05-29;29;May;5;2017
cc49645b0a7e87d7ba2d1301268005b7c9a08a34ac4206f6a8257759e04d0823;2017-03-30;30;March;3;2017
cd1e05a35f3fbdee8a29e2d0ea5544bd65047bece6074d98655bfc77b1d5e577;2018-09-24;24;September;9;2018
45055c89b5add857687d298dba5cee28ac0f1d71f0bff8f045c2932fd3bf00dc;2017-08-03;3;August;8;2017
9ee827747dd4841ea20f10685586735b3c3c34cd95560ac00fbd73b86d8fce1a;2017-08-08;8;August;8;2017
4bd1bb8cc1a3673064e8b74a07f38627974a30245c42a3eddbc408764155873c;2018-05-28;28;May;5;2018
528e16af68262613b40bc862e26641e66ff4f1a632dfbe50178ab27f92c54f45;2017-10-02;2;October;10;2017
c791168a34213224005e8b3caf8f366138c9dd81707fa40b4426947f5f309b40;2017-08-15;15;August;8;2017
e688ef745ac64015bc97eff717debfa8debe4fa5e82cb8e95411fe73ab7ba95d;2017-10-04;4;October;10;2017
44f14c5742998dfcc35d3e0a2603442e90ed35a77a7ace8a98f4f21db67811d5;2018-07-20;20;July;7;2018
d7322ab8780806eae64a18251381f6cb4bd534dc8975e9e9ffe0917ab1a5aa42;2017-09-20;20;September;9;2017
f8465f9cee0f61ee9128e626012929c32254f2136fdc666783735615e7c3a9ce;2017-06-02;2;June;6;2017
19ed867a0c6cab55483aa55d77b0df8bf1a157ec01b74f5005e2259269501a05;2017-08-01;1;August;8;2017
f3b99a3a3bc61f28fb67f3ca43fce555696d57dcfc2dd2fd23ee73b54e22f025;2018-01-30;30;January;1;2018
6d3d694f9f20d4f20b632ca0247e29ff63877486f0b07164dac19356c6ba67de;2017-02-05;5;February;2;2017
70aa0b3cdc2b345853a4ea14b17586a38074e46831446de2a334da3c97442046;2018-06-19;19;June;6;2018
f46aea60bdf897e312794d2897786cffba5354d918a36a4109f706edcd0052f8;2018-03-22;22;March;3;2018
1a682610cab2c79847765eac5b82cae58e431b42c81c5645bda0ae0ff91b5bd9;2018-06-29;29;June;6;2018
f71214a8b2a4623b3203c5c8a409025d2c8bb9899339704fe319e9846814e8ed;2017-01-16;16;January;1;2017
5044d4a41186ca0968e88d82f00eb9a52a9a3c9fa6e35034b564df7572b56bcb;2017-09-18;18;September;9;2017
0e1785ae12bf95758dc26ba577e3996942d11779c81b3de6daeefeca6c65eb6f;2017-12-01;1;December;12;2017
cd4f12d7a4c85b0131e4032eaa900b0019725144282f885947d11117cf05bbd4;2018-02-13;13;February;2;2018
a189acbc7833f82948fa9758e685c9228231019911b071ea31ac55835cb16f85;2017-03-08;8;March;3;2017
a482bdc9ce442c1d15814df1bd2885581ae7fe7b8915548f8e814a8acb300b4b;2017-11-08;8;November;11;2017
c175e93f09c7f0d0bea92748d719b2f76f13eb88b833f494e1532d19abac791d;2019-01-20;20;January;1;2019
2cd781460fa1b9a4b9ceb6e1e47e6307f3fff181cc9ef9cebd3d31f578cefbde;2017-03-24;24;March;3;2017
7d1e807fc454393a546558db25fc59ceb834a2edff1fa58b2ee022e57b4e035d;2017-12-30;30;December;12;2017
9cb89ac5e624d808066ca984cbef5ccadc5fe936741d02c42926bb26611ab9a0;2018-11-26;26;November;11;2018
0f84ccbf9ba1785ff7d47f39cbd5a7a96bbdef8918c927a4214a71aa650b0add;2017-07-28;28;July;7;2017
b6a241e9c1a49b0d2848fcac6d48e4d515ee4b27368096ae214f9c5b67eae77f;2019-01-12;12;January;1;2019
0825e417abf75a72a940e7849083f9e60988a76939153cfcc722b15d1ed8be9d;2018-02-26;26;February;2;2018
cb1a74aaff37377ce1c3b5aeb956d72f48c6d51a6c00899ad83ebfd174f213b2;2017-09-07;7;September;9;2017
5a1ad8c25531cdb07f7f29d919b68b423c52e0bea99fc67e0d3ebf4a662d2755;2017-10-19;19;October;10;2017
d30bf0de64fe8c0da324ef3041c5d82e8e08e163f3628d2d21a0ca75482a837d;2019-03-15;15;March;3;2019
1bdcd901d55dffd58dfc97e3f2a62abd5c7f3ccb849b82fd3225d77ef2f2dd70;2019-01-29;29;January;1;2019
33673b064e5df346b732e1e5175d85136e92d433bfd9e2bde8cf3afc4d0df260;2018-02-11;11;February;2;2018
56c505da686c667304fb70970d6d20a8cbdbdece6b063cd35e3194e0c368a0f8;2018-09-08;8;September;9;2018
5e2eb4cd0d8c8af84055b335306d3fc6ed48f756b803a6277497118c5db010a7;2018-11-16;16;November;11;2018
1fbf90285770c8064933f17ad031f35c32098e791b8f4585e42147870b539ba6;2018-12-17;17;December;12;2018
864ee71007bcc86022a8c9c133501b29e57b9898ade8d8730bdc5e2e692d5098;2018-01-27;27;January;1;2018
ec1aa36fd2709f30760ef7915383d8bc0a620959a5df4b3e5f7c8929083c1163;2017-10-06;6;October;10;2017
23d6fe7f0f25daf3218ac9e83a94e7a0820556d2e6a8f48b083c0670e4b4cef0;2018-07-13;13;July;7;2018
640860f53c7e556c9d5635b9654119e7a7a9fbf4e393b5ce8381d6dec9d29c73;2017-03-07;7;March;3;2017
663c2b7ab334d8029e224ce0ab69406f5c021d2bca0ce8ac1e5cf3dbd247745a;2019-03-17;17;March;3;2019
4a1a9aff0c33c16a6789cb89d6128c59b1ff515007b5a8aa3a2ee0ab709e0206;2017-11-13;13;November;11;2017
3bc4fecdf6b5b24fbb9f609ec93525d3ce6f2db3e409426817fb7ebe37880f8f;2018-06-14;14;June;6;2018
733461e3f51d400f76529d0ab2178c422f021e3ddef25d41bfdda13640b528d9;2017-12-04;4;December;12;2017
9ea6656f87992d9122aaa74d493f63dff29beabe0de2f3ec6e9763fcf140c5da;2017-07-12;12;July;7;2017
e475a4d9b8ed7d781834ec507c8b34ba6146af46463ba6dc65f74fb76371e73b;2018-04-19;19;April;4;2018
45a45fc33b6f8cf461d61a64e2943431a882292b23cd2a2a67e139c58eeb7299;2018-02-18;18;February;2;2018
f929053b5db9398a85fa67e485a3939ace143fc10578c61472c767d8ca705336;2018-10-07;7;October;10;2018
b6773057ee54f7e3c4c16cb5ee01df1922e30d0e11bc3c01d1675c9c28a81178;2018-07-22;22;July;7;2018
f98e2230c28e5cd84d3b12a93c5b3fb47aa748bf3d94c0f2bcdf8d1e41ecb852;2019-01-06;6;January;1;2019
100252c55514e756156e5a33011f1e07da80978c67de9be9e77e962896270c97;2018-01-29;29;January;1;2018
af937174eef1fe6d2fb0e9089a3eae8a73639943c243ed21aa54dbc8bce63ce7;2017-06-15;15;June;6;2017
b7892fcad8e9fc699e0551b47814f716a97e2e38af05bfef1f187382734823fe;2017-05-10;10;May;5;2017
3a042aa6098f4501d5bdea89b4e2b4500b47accf484c4ad27b4d3345f1823e98;2017-06-07;7;June;6;2017
c625bd6b39ec4944661c5fe581343b91031a5522cb192e49b8429b2276ee5720;2017-08-28;28;August;8;2017
790103b34a112b6373d0da42ba930c628e009f80386a1718715aeb8140912f87;2017-06-19;19;June;6;2017
c34518f7d11f650d33d67498d03af42e55e3b5229f43da1ac16767894f141470;2018-05-17;17;May;5;2018
b73e47aa8ebaeaf582d21f3e86e6a4e82a0bff37ec7ef183abd6f4210d896958;2018-04-09;9;April;4;2018
1fb3fde8576b94f9fdff89f83721b4dd09a45790647b2200e4e9ff0405723782;2018-05-13;13;May;5;2018
cfc3023a4a67703347062752a5a97fc380bd6f9d2329aa19a6c984f3d5b1d479;2017-07-06;6;July;7;2017
9e9a03a243829d0249362abedbbfd1e0575b86c69e621dd6ce4097f75a6b7da7;2019-01-22;22;January;1;2019
1830af901c7f0520c813f6afe279d8250476e73dbc8886d967e2582a0d4ef943;2017-06-21;21;June;6;2017
c722c0980f87bfe87dd2ec9651efcb13138eb72c3d96c326f3e95a92a1cffdff;2018-04-14;14;April;4;2018
3a507db0b338ed3749ad9f78b863648ae90947a33d63673b2b6566502b72ec31;2017-12-25;25;December;12;2017
369df7a3387b1eea45aa8c84f4e2b013783f878601a17a98b39dbb496a81cf29;2018-05-03;3;May;5;2018
306debcb1cc944d29bfa561b75e2430533ab25c2209282dc99c6a5a287192da8;2017-09-15;15;September;9;2017
ee36ce6fcd939736b374cd09bde7f5e3070b5e2dba5e329a20a37267f6e97bdd;2018-11-19;19;November;11;2018
cf0834fa432a90a9349aa0e58875fc48054c56d547837c0f734c2979aca897e3;2018-01-13;13;January;1;2018
b29a31f7ba076bcadfcd90c91f6d27fbafc15ac37280253ed13e7141906d4756;2017-05-30;30;May;5;2017
03b47611e069f0df457a8be11aad39230d55f06dbd03d020e1321603afd6bbfe;2018-11-24;24;November;11;2018
881b7b8713345f8b513ef562dcf8ffde7746c035d6a1c0acc6bf52d499fc1d8a;2017-06-08;8;June;6;2017
445e820326bfa1412cbb71d86292c75852e11117fcb2ab358cca28eb1380a8c7;2017-03-20;20;March;3;2017
f7f90ebe798b52f7a6f2ab6c34826a79faef4a8613dbe9971cd0ffc0024a3696;2017-11-16;16;November;11;2017
1a9ab9f96ebe5b804110abf3313daaec6a7dc9fdc09f1cd3f6c37365cfbea126;2018-02-17;17;February;2;2018
7ed1c6b60b99baae4e439953fd5c8606cc32853fb5825134903a242c7d143b19;2017-08-07;7;August;8;2017
acfacf6020616a0dc42513566ca1e188e7bda865af593b2ffb111b4048a13892;2018-05-27;27;May;5;2018
9f53504fa80a4646886060ab2e4c5e79f26c995edeb41981d684bf6438167f3b;2017-03-10;10;March;3;2017
e3afe7520906af2240e70baa3c888384835bb4dc1b49f3477cf076abe5d2e1e8;2017-12-06;6;December;12;2017
86ca0616cbbd172f90d3ba67c1e5ddb3eaeeba4c8e90efb0697f5f8314169497;2018-04-28;28;April;4;2018
93dba67347a8d7f4d47889b3642f31cdef89ba0ac5237a1c8b42a8a21a6587ac;2018-07-26;26;July;7;2018
c631954223002f5da35cd8140465014697f5e1fe8379c45a49a07a4a9de2c091;2017-05-31;31;May;5;2017
3548e0ae19283ac2c5b4358e0cf9bc1761b1b994ac33c6f91e5684f7ac5ba243;2017-03-22;22;March;3;2017
63fcb241a63dc9775dc3ef7df92935275724def41818fef9486437456aa9600b;2017-04-03;3;April;4;2017
8e5d1bab9da686f9a1d6b843982da59d8fd46dbba072081b1905f3577f1d13d5;2017-09-04;4;September;9;2017
ef7be908370e95ea94da60f10d103055e26232765de52a5afb52cd5e4495cde7;2018-03-15;15;March;3;2018
60a284c613e669de802871bf1b4d9d6dcdde6aa5083501bdaae23992b7bea9e2;2018-06-24;24;June;6;2018
e7c43bd85def0be6996047d2c905a74ebbe13b88b6fbdd9523f7c70b37090849;2018-06-10;10;June;6;2018
e9c4c3d6ebef107ab9364285d33564dc66e40e4ddb1ad165e42a3ace28693330;2018-09-16;16;September;9;2018
f2555030daf80f77a18631c41f29e4e07ab175df648d1613e022db0d47e4134b;2017-01-30;30;January;1;2017
be39b52a6d5d249320d4b85d3923a72f0d2ffe3478d29c9be3d3631ccb1827fb;2018-12-13;13;December;12;2018
f9ae21cc5f75d4e0a405aa14e50806ab5225e4d1676d5a2aabda6cb020b3bd52;2018-02-10;10;February;2;2018
28f195521a1147c27eb7916e856ca124586f165ce92076d4aa4f9fe4eec33576;2018-09-27;27;September;9;2018
3e2e1fb6efee2a937fa74c7a850c910d967534f21f227296eac09b2c77f036c9;2018-07-06;6;July;7;2018
823aa69434266523c574dbd0dbd9e603c83563c556185716d1c87f433ca00e86;2017-05-24;24;May;5;2017
d8ace96ef67a60d822230f616df0003365cc6b2c18512b1c6b00c62d90a821dd;2017-02-01;1;February;2;2017
3dc2a0f71c8f0aa41cc4cba2cec101f09fb96ee8f27600dcc716d568878253ec;2018-04-12;12;April;4;2018
090160a1e8550d569b7944a864006630423a4e35f4b6f8e3f7226e92bb4d6b71;2019-03-04;4;March;3;2019
5728d79dd8e91285fc6bd4e1764a547c850217641a0ea77bbc3dd66e370a2b48;2017-11-09;9;November;11;2017
9302e878a06b1c534595bef9ebe4e2f9302b0c024431727ec09999867972dbe0;2018-12-28;28;December;12;2018
c0a9738c986e6c14c2cde4247114a6dd04d815b9ab6b9d6380c3e9da0e16fbc1;2018-05-06;6;May;5;2018
1e0a3373314244447799d46a316437e9fde4a282fbe7b307769a9d015ce042fd;2018-06-30;30;June;6;2018
73fc633de7e0dcf32445842f2205e4995d57c5723f1e43a70efc9c72ee586744;2018-09-10;10;September;9;2018
5f24b4db12648ea9dea41aa91c214ce330f88e599ace52f4544c4eae49c3be7f;2017-06-17;17;June;6;2017
ae3d6638059b728fb51594d652501ffc4bc6b8a11138961a86772c5e97ebf961;2018-02-19;19;February;2;2018
72e1076971b45abf207ba99f7c91b0ff1d89435a00617d610c0a9ad53c025b2a;2017-05-03;3;May;5;2017
703ad1e40b105ba50d30ef4d9bf220419658e24d9cc4cfe54bb004c29d6d4f96;2017-09-21;21;September;9;2017
f6a851ec231bda2270d81e5edd9b034af8861d99e5c1c301d36529bc375579c4;2017-08-25;25;August;8;2017
dde5338655568bed1fda967e1dbf1b33aa9fb6dad00f581d3f16f3d95bfee056;2019-01-08;8;January;1;2019
e1ed749763022f8624b623c8ad886cf3c56636450fe0b4fcac29ce956770e658;2018-11-03;3;November;11;2018
ac9fa700d91706855136156207e4865e14ef85e9d0a1c6fa5a7f3f7a2aa54b1e;2017-08-09;9;August;8;2017
8276cf672b41aa58a67ab77b56b3aaaf20bcd30c4f10a055e518158abbeae3c9;2017-05-08;8;May;5;2017
c150906cdb2eea65a454edeeaeee83df83df64c7069a82905fd3ebbb48796897;2018-12-03;3;December;12;2018
4d38a48bd1785da540104dafdea0b690fbdf3e0f8de737c0d7e328a127c7ed0f;2017-02-12;12;February;2;2017
9578b313fb7d49cbbb02e3528e7e14fa27579818257f1d1701e4e77d7d075bfe;2017-05-02;2;May;5;2017
fc036a13fabc54a76c6b767d216fd168da7a5e163b9ec2beac1f57035b740842;2017-07-04;4;July;7;2017
732deabec367bab51a1090b15191389d6e62349c93c6a895b5f84cf8004a14d3;2018-03-08;8;March;3;2018
00b9e37aeee29474a4172cafd2b716d68aa70c9598ff720c57ac1bb47f90507c;2018-03-23;23;March;3;2018
d2a06dc2d4f07ea2d9705e80c9a39b80bca0b8a3e0c8cbc2ff5aa792da8681dc;2018-04-05;5;April;4;2018
e90a75304504dd51b227cb0915fdff98c3c73c385a0d8401cb79a381824441c5;2017-12-08;8;December;12;2017
e0eacebbde6c2b6b46f90beafee39ac25fbaa61cf3f0afd1691d212930fbd0c5;2018-07-23;23;July;7;2018
bb42d40927381bd759df8553f9b983344bedb68d972047fef7857cfb4794d296;2018-01-22;22;January;1;2018
1b1638c16c24383a521fda8c4d55803963cbb87f82faa3ae676455e509d8f967;2018-10-27;27;October;10;2018
200310daf06b5de8836c85a24c19571ec495749e6d26d95851f95575b7563fc1;2018-08-24;24;August;8;2018
e4bf6a0a3d20603e1a2902210d874cf61b5b28fc36250c73f42dbdd5d9c13621;2018-12-22;22;December;12;2018
2cdb24e16c33b7d883e735748b4fc4156ec20d8a59097ecd5a4d1b119ea0fbd9;2017-03-14;14;March;3;2017
e12f9988364412aa8b04b39378f3cd3b335f8256542aa1d577134e7f582be64c;2017-10-25;25;October;10;2017
92fdb6bb29a5c1228d34935b468279da752391baca700d2f241a93a2a928500d;2017-08-31;31;August;8;2017
d7adcc4dd78caaffcae266a14cceb59afff0214f2bd40687cde72621c8feb88f;2018-04-26;26;April;4;2018
1eaf2398eaee90dc5bb853e94fa8bd738099786524539a454950a5687c713942;2017-05-22;22;May;5;2017
b1d88cfb4d5b1743916649241d411226c4dac5150ee9369e9a67643ed0e07f45;2018-05-11;11;May;5;2018
29e8b7b54412cf7a17ab0a3388ee4eb157cb077f37f943f497e45a3e41aeb0bc;2018-06-28;28;June;6;2018
3804d64fb55e66c52f3842f34e8ea250da57eef693eee8179840bbfa6fe94e0a;2018-11-17;17;November;11;2018
4cb1004c519a85351fc4cba347083e7116aafab8b3483b0381142e8963194447;2017-11-27;27;November;11;2017
f3cfeef088240064692e5a45f5c593a220d0f9e9cb66ae83dc9e00d61ab35652;2018-09-13;13;September;9;2018
3e1436779c8e1e8722008199ba72d44de4a35ba8063630b51117e1fc92a8d017;2018-08-31;31;August;8;2018
2a70fb6bacfa56a6fcf00ae2bf1f15fad03d8e709debc77839cc57d1ad5cbe5e;2018-06-07;7;June;6;2018
d89c96ed618009a2306c15be0a6282c4ab23ae83e8c6ef642509175a12975e58;2018-09-15;15;September;9;2018
fced1913b4e20aa470049a83b37ba0619ab423eb33785019d2b4a2eebdb8c8bd;2019-02-24;24;February;2;2019
9decb1d9d236a0bd431d512fe3becf28c25ed2fb7e87b0109a588c3abf3d5699;2017-03-31;31;March;3;2017
126f8e827571a81b3667b97b6bae706269b80ade33d7c7daab44f7209fec7ab2;2018-12-06;6;December;12;2018
bf164e6a8b03b4c6e7ace616f0f27aac7dc98cbf6258711f4716a120550ead6e;2017-08-21;21;August;8;2017
ad1d87d43a11794aad69ec256b2a9a8f906087a8f7ff53953b25f985e5178b8d;2017-01-26;26;January;1;2017
e5bc7e43111a53049bc7bbf876b67076999175eb915ce3ce865867af3e989e7c;2017-09-06;6;September;9;2017
029a51bff785818577bd7f7926c3e524f4e9bed6ec3b6a92c296e3290c98b0df;2017-12-05;5;December;12;2017
31ca98b06be73f2bc2295aeffe4d86f0a497e6b67468a8496b2d45cbc8c236f4;2018-05-26;26;May;5;2018
5c1e34e05baf81cab55c4286283b87237d0fff6e6c049d0d26b0bae055cd692e;2017-03-27;27;March;3;2017
e6501453ba9e32c9d349f6f4432b75b5124d0113107996ec526210e9c5b840cc;2017-11-29;29;November;11;2017
62ce1841da324d0cfbde36eec8893bc8b9f5638649e6881857404dd4bb35173f;2019-02-09;9;February;2;2019
b93538cd22869e4c0c753fe87e724e3d94b139161b1ac01f4c2eea150a8a74c6;2018-08-11;11;August;8;2018
109f41f8b166a92788b975e34b5b1eb090f53f4ebb610731acc754133bfe4d8f;2019-03-02;2;March;3;2019
913216fd071614b15c8141bff132b39c6006fdf5be9e88f45fa6b8f077c30dc5;2018-03-17;17;March;3;2018
88f150214bcb2607ced0196ab2762e1b300e749ca9da71294ebdca0a9d1e2c73;2018-08-02;2;August;8;2018
1ce03138db2b02b0b0f8ee657d943473dd3b1ed1c4e283d85a57b51a31be7812;2018-06-26;26;June;6;2018
8d8476aac3e28b07860c0ce78de064a53ac03a2a9603418fb038ee4e2c2ac3b1;2017-03-16;16;March;3;2017
8bf1383c29942f9dc7c348caf4660d78decce97a9af8c337f3ebdfb125679747;2018-01-05;5;January;1;2018
581826d6f5a348bb21b13ed2881c4d73b37bcd81ddcd730888e555748d16e740;2017-03-01;1;March;3;2017
899c291669ebb8a64625d0719c18492a70cf0599b9798257b1b4b838c8e33398;2017-08-22;22;August;8;2017
f4da6c3f3dd85281b0960c3b9a5b79832f1ff8ab1c6483daa7d641aba75ecbc4;2018-09-09;9;September;9;2018
5966251e7d488cec402d44e493e8479cec5a1647a93441b3b0b7a2fd8e41a46f;2018-04-06;6;April;4;2018
3bbd3fa1c64ef29934eeb8df061846f4ef9e559f4c0ac89267cc3f95d13281de;2019-03-03;3;March;3;2019
40fa6f86f6b7590eb8abc48d983f52aa8c5f4808e3e1c739b8e446cb037679a7;2017-02-14;14;February;2;2017
3995ad2b3bb69b7ebf045f0a833369f27e0494a954c7ca9f42d8c8a3e2ed1526;2019-02-26;26;February;2;2019
2b8aa2baac685f4e888734d00ccc92c1c9e947e3f3b446431ec3d55c23bc2abf;2018-06-09;9;June;6;2018
0efd0d1d56c83f1a3583f34d631714d911256827ee48b36c0c8e7eab3469b3e9;2017-06-29;29;June;6;2017
8b8a9bfa5136d834b7cafdac7b2f5acb66ce4a748b4cb94ec54c792032b653fd;2018-03-09;9;March;3;2018
0e9c237d58fefb4954cf0bebde0e7a3939d44a3c1ad5023559d5e801aa08f438;2017-12-07;7;December;12;2017
671ff6e718b578058293fbdddf972fbae46da4e9e89aa0a6a4a8ff69702f00ac;2017-02-09;9;February;2;2017
4d5022042e566e1e0c935037008e3ca0d05c8e2b80fd7f1255d7d6f2c4e93bf8;2017-09-13;13;September;9;2017
4123876d4da8e12935f76ff7af34ea12c108f4a7827fe36976058c14b6e8a561;2018-10-19;19;October;10;2018
9857ce04898438632a43f6c1d79e510ea6e120cf10daf1479411a08872d1ff19;2018-12-24;24;December;12;2018
dac03b06e4183d7913a2ebe7a52bfc48ff0dcedd417ae7d285409c96975db8cd;2018-01-08;8;January;1;2018
0c0603c9e2fe4bc68fd52bf79f4df11731825b0deafcad33917e93d74e1ce357;2017-01-15;15;January;1;2017
a7e16654020d6fab5cd014c619cc1be4d07e1b6a8278ff0e4605284e7ed29fc1;2017-06-16;16;June;6;2017
f02564274e6034f7e26d361e33fff68c11366ab200849af874e5efb373e51c58;2019-02-18;18;February;2;2019
3bcefb4dbdfb8fe9b5c89e3a3d19a6a6a8e680ccf55e13d8b1defea1c0c3b461;2018-05-07;7;May;5;2018
ccb6f74831c2b1e03eaddd08a766f6f25ea2752ca5b3ddd46146cab8526f0d46;2018-06-16;16;June;6;2018
d224bbad5b1ea13a5704c66cc986b877a034aad9d30bf809d065c51f380c8167;2019-01-01;1;January;1;2019
b3d355cd317e14446fcd1ddbf17911a0d67b22da8a314e4b5a9a61f726c3d4e2;2018-02-03;3;February;2;2018
07102ce9820c9b5937eec659d20b8a2ef66f2fc3fdadfe44f71a9238db83e182;2017-01-17;17;January;1;2017
976ba6b97ea2a2e7f07d467b33ac038c6e883b28c357b29152bf04d280e67975;2018-05-20;20;May;5;2018
247aa5d9bee30d970b7775af2fa4cfdcf185e5bc2a4d521490c857b3c7c460cc;2018-02-23;23;February;2;2018
210b93f18136068b8d98257ac4d59ec4c1a10b78868a0f8514e1fa4edf2b4e35;2017-04-07;7;April;4;2017
155539ead91c2f3fce6def690731550af7cf61c3eaffb93d77b2b9a4b1b5bf00;2017-11-24;24;November;11;2017
d3969ed716275c59c117787dd17a36c077be55c08f29627aa392d097787a1df5;2018-08-18;18;August;8;2018
ddc3085cf8e8cfd1fa8c0ba4db48ef3128bd9c35e3c4658df5335d444ee226a8;2017-09-08;8;September;9;2017
ecc2085ac4db4f8717bd63b849202115c244d8007506bfb9e48669f7555a0461;2017-09-29;29;September;9;2017
8e20a5177736f8266e9622802007102aa9b814bacc95ed898e31b21675e8f26e;2017-10-10;10;October;10;2017
a9e9fe4fe645fbc9299433f2588a38e79d2d1c100b16d6ea551169c30471f2ca;2017-10-16;16;October;10;2017
0e82b3799eb2e56bcd08eb90622b8a033a99d4b52e0bcfc9ea339d83a46497ef;2018-07-09;9;July;7;2018
fefccb5e5b187741cbc9bd32e2b026eff01254b16a5e21a7b7acaac5caded92c;2018-06-02;2;June;6;2018
b93ad028635c1e434728505eb1b7a81a0b4fd6b4106a9b6fa74ea2abeded2807;2017-12-27;27;December;12;2017
a99b5948ae8c2c8aceebe64990e085c738a7745114811097312f548416b8d9c0;2017-12-14;14;December;12;2017
4e8504f90be912ef86c2c74d4a3b928df2ad05763daafed8b24128e6d0c0eecd;2017-03-29;29;March;3;2017
bb091f0bb8456bbedb93385d057b711d73060690fb066a137d77bd9faffa61a2;2017-08-30;30;August;8;2017
914436528cade0a877f88fbc8f0be31530fffca76c0ae2543f0bba14775ab4c6;2018-08-03;3;August;8;2018
cad0a825b9b906fd83267f12a59f551bae15e85f5f6a7a9b33780c4b59a8a4a4;2017-07-31;31;July;7;2017
af511c4be7befa55d70b4e1868d7bdd21cd5b0b8d68fbf19c6e17bf1c0564838;2018-09-17;17;September;9;2018
93b27650739dfa47c3f606e0134d6424ff270cc8df5c37be3ac5d71acfa6621e;2017-10-05;5;October;10;2017
b21bf1cab3f7958d6a62ee8e9936746582aea79c1913666597fa4b46d5ca3063;2017-09-05;5;September;9;2017
d13c2676ad8a4ab9f2becc843c5e6173c813b392b1deb28a91f02e07908c9e4f;2018-10-21;21;October;10;2018
7d8e1f589e408bda3a1ab17668c828236fbb795cd66f87b9ee5df182437c62c8;2018-10-28;28;October;10;2018
102fc322ffa502a93316caece4f1c5dd0214a210b0a6f0cf0658123599d938cc;2018-11-05;5;November;11;2018
6f02c90e1a5be2139c6083d0ede289a00c53679219e86dea27c8acd593859033;2017-05-15;15;May;5;2017
7dd4fadf0264e314e706d40ded5da76ee8ecfa3562438db56c9e96ad74ebc0ee;2018-12-30;30;December;12;2018
9d8551b873b7b39fdfb31c7722cee0844643b43ff4b4b752b7c7ed95ce814b9d;2019-02-04;4;February;2;2019
47e31743b729a899e05f8b3bb6c478248cd1fe6198bfc17d008a6d3c2315b9f1;2019-02-08;8;February;2;2019
baec80c5c742b2931472f6b3508d4df0f914d2b4893b9ec1255e0902b05c8f5f;2017-12-11;11;December;12;2017
39d64cf68ddf4ef6393451beb9b958ebd1e374e616db4528d6c59fcc0d9b9109;2018-07-29;29;July;7;2018
600a3bdc61797ba7242f8b025381192803c3e2004dfadd8f62943d97b1bd14d5;2018-11-08;8;November;11;2018
3fee3c2e31c9b7c6426c1bd5cf3a6f9cfbe136ade1bf629d4a28508bcacfb4d0;2017-08-18;18;August;8;2017
590508f94b806b3a674bc35fa2aceff3da25d60ebc24373ac89fc0a3fc822fb1;2017-11-15;15;November;11;2017
d80db9043b05cb5d26547d7cffff0b7b2a735826195741e434f38e7ebc52d5a9;2017-11-30;30;November;11;2017
310f41ec40f833f878db0d3762b7aca762f72fe2db0786748e34b91bf9d1db48;2017-06-27;27;June;6;2017
df20d2fef7ecb9635f01f1e2667484d140d731d6c7b73d30d57150fd26cc9066;2017-04-06;6;April;4;2017
873e63b1685e0ac813715cd4b065af4b07eac03ff5e49992ff839697ab92322f;2017-01-24;24;January;1;2017
d3df76e555bd24d8e69c07a156f57b931461a0573a3fe2a83809170ee067495c;2017-07-20;20;July;7;2017
a2ce03854003ec4eab115ccb67e1a21837be44f521213e2493f79bfe913165f2;2017-08-16;16;August;8;2017
d2754d2b5ff0e293a9d451e5f40c17ff781292c4876a6d48b8fbc28e3ecdc035;2019-02-19;19;February;2;2019
28822a95f53377217877910eabf63aee61f4ff8a89dcf70d76a4c0be1f7ed5d7;2018-08-10;10;August;8;2018
5652586024f7b0c49be1036eb98f36b5889cc028fb588999ba8dfe62353870de;2018-12-15;15;December;12;2018
